"CD_NOM";"LB_NOM";"LB_AUTHOR";"INHERITED_FROM";"LB_NOM_INHERITED_FROM";"LB_AUTEUR_INHERITED_FROM";"ORIGIN";"KINGDOM";"PHYLUM";"CLASS";"ORDER";"FAMILY";"SUBFAMILY";"TRIBE";"GENUS";"GROUP1_INPN";"GROUP2_INPN";"GROUP3_INPN";"MATERIALS";"MATERIAL_TYPE";"SOURCE";"DATASET_TITLE";"SOURCE_ID"
239325;"Andrena chrysosceles";"(Kirby, 1802)";NA;NA;NA;NA;NA;"Arthropoda";"Insecta";"Hymenoptera";"Andrenidae";"Andreninae";NA;"Andrena";NA;NA;NA;"soil";"mineral";"SwissBeeTeam. 2018. Atlas en ligne des abeilles sauvages de Suisse. InfoFauna. http://swisswildbee.ch.";"Abeilles";444815
53079;"Andrena fulva";"(Muller, 1766)";NA;NA;NA;NA;NA;"Arthropoda";"Insecta";"Hymenoptera";"Andrenidae";"Andreninae";NA;"Andrena";NA;NA;NA;"soil";"mineral";"Genoud D. 2016. Diversite des abeilles sauvages (Hymenoptera : Apoidea) de l'île de Porquerolles (France, Var), Sci. Rep. Port Cros national Park, 30: 95-143.";"Abeilles";444912
239470;"Anthidiellum strigatum";"(Panzer, 1802)";NA;NA;NA;NA;NA;"Arthropoda";"Insecta";"Hymenoptera";"Megachilidae";"Megachilinae";"Anthidiini";"Anthidiellum";NA;NA;NA;"resin";"vegetal";"Scheuchl E., Willner W. 2016. Taschenlexikon der Wildbienen Europas. Quelle & Meyer Verlag Wiebelsheim. 920pp.";"Abeilles";444787
239472;"Anthidium cingulatum";"Latreille, 1809";NA;NA;NA;NA;NA;"Arthropoda";"Insecta";"Hymenoptera";"Megachilidae";"Megachilinae";"Anthidiini";"Anthidium";NA;NA;NA;"fibers";"vegetal";"Scheuchl E., Willner W. 2016. Taschenlexikon der Wildbienen Europas. Quelle & Meyer Verlag Wiebelsheim. 920pp.";"Abeilles";444787
239473;"Anthidium diadema";"Latreille, 1809";NA;NA;NA;NA;NA;"Arthropoda";"Insecta";"Hymenoptera";"Megachilidae";"Megachilinae";"Anthidiini";"Anthidium";NA;NA;NA;"fibers";"vegetal";"Scheuchl E., Willner W. 2016. Taschenlexikon der Wildbienen Europas. Quelle & Meyer Verlag Wiebelsheim. 920pp.";"Abeilles";444787
239474;"Anthidium florentinum";"(Fabricius, 1775)";NA;NA;NA;NA;NA;"Arthropoda";"Insecta";"Hymenoptera";"Megachilidae";"Megachilinae";"Anthidiini";"Anthidium";NA;NA;NA;"fibers";"vegetal";"Scheuchl E., Willner W. 2016. Taschenlexikon der Wildbienen Europas. Quelle & Meyer Verlag Wiebelsheim. 920pp.";"Abeilles";444787
239474;"Anthidium florentinum";"(Fabricius, 1775)";NA;NA;NA;NA;NA;"Arthropoda";"Insecta";"Hymenoptera";"Megachilidae";"Megachilinae";"Anthidiini";"Anthidium";NA;NA;NA;"leaves";"vegetal";"Scheuchl E., Willner W. 2016. Taschenlexikon der Wildbienen Europas. Quelle & Meyer Verlag Wiebelsheim. 920pp.";"Abeilles";444787
239476;"Anthidium loti";"Perris, 1852";NA;NA;NA;NA;NA;"Arthropoda";"Insecta";"Hymenoptera";"Megachilidae";"Megachilinae";"Anthidiini";"Anthidium";NA;NA;NA;"fibers";"vegetal";"Scheuchl E., Willner W. 2016. Taschenlexikon der Wildbienen Europas. Quelle & Meyer Verlag Wiebelsheim. 920pp.";"Abeilles";444787
53081;"Anthidium manicatum";"(Linnaeus, 1758)";NA;NA;NA;NA;NA;"Arthropoda";"Insecta";"Hymenoptera";"Megachilidae";"Megachilinae";"Anthidiini";"Anthidium";NA;NA;NA;"pebbles";"mineral";"Scheuchl E., Willner W. 2016. Taschenlexikon der Wildbienen Europas. Quelle & Meyer Verlag Wiebelsheim. 920pp.";"Abeilles";444787
53081;"Anthidium manicatum";"(Linnaeus, 1758)";NA;NA;NA;NA;NA;"Arthropoda";"Insecta";"Hymenoptera";"Megachilidae";"Megachilinae";"Anthidiini";"Anthidium";NA;NA;NA;"fibers";"vegetal";"Scheuchl E., Willner W. 2016. Taschenlexikon der Wildbienen Europas. Quelle & Meyer Verlag Wiebelsheim. 920pp.";"Abeilles";444787
53081;"Anthidium manicatum";"(Linnaeus, 1758)";NA;NA;NA;NA;NA;"Arthropoda";"Insecta";"Hymenoptera";"Megachilidae";"Megachilinae";"Anthidiini";"Anthidium";NA;NA;NA;"leaves";"vegetal";"Scheuchl E., Willner W. 2016. Taschenlexikon der Wildbienen Europas. Quelle & Meyer Verlag Wiebelsheim. 920pp.";"Abeilles";444787
53081;"Anthidium manicatum";"(Linnaeus, 1758)";NA;NA;NA;NA;NA;"Arthropoda";"Insecta";"Hymenoptera";"Megachilidae";"Megachilinae";"Anthidiini";"Anthidium";NA;NA;NA;"soil";"mineral";"Scheuchl E., Willner W. 2016. Taschenlexikon der Wildbienen Europas. Quelle & Meyer Verlag Wiebelsheim. 920pp.";"Abeilles";444787
53082;"Anthidium montanum";"Morawitz, 1865";NA;NA;NA;NA;NA;"Arthropoda";"Insecta";"Hymenoptera";"Megachilidae";"Megachilinae";"Anthidiini";"Anthidium";NA;NA;NA;"fibers";"vegetal";"Scheuchl E., Willner W. 2016. Taschenlexikon der Wildbienen Europas. Quelle & Meyer Verlag Wiebelsheim. 920pp.";"Abeilles";444787
239478;"Anthidium oblongatum";"(Illiger, 1806)";NA;NA;NA;NA;NA;"Arthropoda";"Insecta";"Hymenoptera";"Megachilidae";"Megachilinae";"Anthidiini";"Anthidium";NA;NA;NA;"fibers";"vegetal";"Scheuchl E., Willner W. 2016. Taschenlexikon der Wildbienen Europas. Quelle & Meyer Verlag Wiebelsheim. 920pp.";"Abeilles";444787
53083;"Anthidium punctatum";"Latreille, 1809";NA;NA;NA;NA;NA;"Arthropoda";"Insecta";"Hymenoptera";"Megachilidae";"Megachilinae";"Anthidiini";"Anthidium";NA;NA;NA;"fibers";"vegetal";"Scheuchl E., Willner W. 2016. Taschenlexikon der Wildbienen Europas. Quelle & Meyer Verlag Wiebelsheim. 920pp.";"Abeilles";444787
53083;"Anthidium punctatum";"Latreille, 1809";NA;NA;NA;NA;NA;"Arthropoda";"Insecta";"Hymenoptera";"Megachilidae";"Megachilinae";"Anthidiini";"Anthidium";NA;NA;NA;"leaves";"vegetal";"Scheuchl E., Willner W. 2016. Taschenlexikon der Wildbienen Europas. Quelle & Meyer Verlag Wiebelsheim. 920pp.";"Abeilles";444787
53083;"Anthidium punctatum";"Latreille, 1809";NA;NA;NA;NA;NA;"Arthropoda";"Insecta";"Hymenoptera";"Megachilidae";"Megachilinae";"Anthidiini";"Anthidium";NA;NA;NA;"soil";"mineral";"Scheuchl E., Willner W. 2016. Taschenlexikon der Wildbienen Europas. Quelle & Meyer Verlag Wiebelsheim. 920pp.";"Abeilles";444787
239480;"Anthidium septemspinosum";"Lepeletier, 1841";NA;NA;NA;NA;NA;"Arthropoda";"Insecta";"Hymenoptera";"Megachilidae";"Megachilinae";"Anthidiini";"Anthidium";NA;NA;NA;"fibers";"vegetal";"Sugiura, N. 1991. Male territoriality and mating tactics in the wool-carder bee,Anthidium septemspinosum Lepeletier (Hymenoptera: Megachilidae). Journal of Ethology, 9(2): 95-103.";"Abeilles";447740
239488;"Anthophora balneorum";"Lepeletier, 1841";NA;NA;NA;NA;NA;"Arthropoda";"Insecta";"Hymenoptera";"Apidae";"Anthophorinae";NA;"Anthophora";NA;NA;NA;"pebbles";"mineral";"Scheuchl E., Willner W. 2016. Taschenlexikon der Wildbienen Europas. Quelle & Meyer Verlag Wiebelsheim. 920pp.";"Abeilles";444787
239500;"Anthophora furcata";"(Panzer, 1798)";NA;NA;NA;NA;NA;"Arthropoda";"Insecta";"Hymenoptera";"Apidae";"Anthophorinae";NA;"Anthophora";NA;NA;NA;"plant particules";"vegetal";"Scheuchl E., Willner W. 2016. Taschenlexikon der Wildbienen Europas. Quelle & Meyer Verlag Wiebelsheim. 920pp.";"Abeilles";444787
239507;"Anthophora plagiata";"(Illiger, 1806)";NA;NA;NA;NA;NA;"Arthropoda";"Insecta";"Hymenoptera";"Apidae";"Anthophorinae";NA;"Anthophora";NA;NA;NA;"water";"mineral";"Scheuchl E., Willner W. 2016. Taschenlexikon der Wildbienen Europas. Quelle & Meyer Verlag Wiebelsheim. 920pp.";"Abeilles";444787
239507;"Anthophora plagiata";"(Illiger, 1806)";NA;NA;NA;NA;NA;"Arthropoda";"Insecta";"Hymenoptera";"Apidae";"Anthophorinae";NA;"Anthophora";NA;NA;NA;"soil";"mineral";"Scheuchl E., Willner W. 2016. Taschenlexikon der Wildbienen Europas. Quelle & Meyer Verlag Wiebelsheim. 920pp.";"Abeilles";444787
239535;"Bombus gerstaeckeri";"Morawitz, 1881";NA;NA;NA;NA;NA;"Arthropoda";"Insecta";"Hymenoptera";"Apidae";"Apinae";"Bombini";"Bombus";NA;NA;NA;"leaves";"vegetal";"Scheuchl E., Willner W. 2016. Taschenlexikon der Wildbienen Europas. Quelle & Meyer Verlag Wiebelsheim. 920pp.";"Abeilles";444787
239535;"Bombus gerstaeckeri";"Morawitz, 1881";NA;NA;NA;NA;NA;"Arthropoda";"Insecta";"Hymenoptera";"Apidae";"Apinae";"Bombini";"Bombus";NA;NA;NA;"grass";"vegetal";"Scheuchl E., Willner W. 2016. Taschenlexikon der Wildbienen Europas. Quelle & Meyer Verlag Wiebelsheim. 920pp.";"Abeilles";444787
239535;"Bombus gerstaeckeri";"Morawitz, 1881";NA;NA;NA;NA;NA;"Arthropoda";"Insecta";"Hymenoptera";"Apidae";"Apinae";"Bombini";"Bombus";NA;NA;NA;"moss";"vegetal";"Scheuchl E., Willner W. 2016. Taschenlexikon der Wildbienen Europas. Quelle & Meyer Verlag Wiebelsheim. 920pp.";"Abeilles";444787
239584;"Chelostoma campanularum";"(Kirby, 1802)";NA;NA;NA;NA;NA;"Arthropoda";"Insecta";"Hymenoptera";"Megachilidae";"Megachilinae";"Osmiini";"Chelostoma";NA;NA;NA;"clay";"mineral";"Scheuchl E., Willner W. 2016. Taschenlexikon der Wildbienen Europas. Quelle & Meyer Verlag Wiebelsheim. 920pp.";"Abeilles";444787
239584;"Chelostoma campanularum";"(Kirby, 1802)";NA;NA;NA;NA;NA;"Arthropoda";"Insecta";"Hymenoptera";"Megachilidae";"Megachilinae";"Osmiini";"Chelostoma";NA;NA;NA;"sand";"mineral";"Scheuchl E., Willner W. 2016. Taschenlexikon der Wildbienen Europas. Quelle & Meyer Verlag Wiebelsheim. 920pp.";"Abeilles";444787
239586;"Chelostoma distinctum";"(Stockhert, 1929)";NA;NA;NA;NA;NA;"Arthropoda";"Insecta";"Hymenoptera";"Megachilidae";"Megachilinae";"Osmiini";"Chelostoma";NA;NA;NA;"clay";"mineral";"Scheuchl E., Willner W. 2016. Taschenlexikon der Wildbienen Europas. Quelle & Meyer Verlag Wiebelsheim. 920pp.";"Abeilles";444787
239586;"Chelostoma distinctum";"(Stockhert, 1929)";NA;NA;NA;NA;NA;"Arthropoda";"Insecta";"Hymenoptera";"Megachilidae";"Megachilinae";"Osmiini";"Chelostoma";NA;NA;NA;"sand";"mineral";"Scheuchl E., Willner W. 2016. Taschenlexikon der Wildbienen Europas. Quelle & Meyer Verlag Wiebelsheim. 920pp.";"Abeilles";444787
239588;"Chelostoma florisomne";"(Linnaeus, 1758)";NA;NA;NA;NA;NA;"Arthropoda";"Insecta";"Hymenoptera";"Megachilidae";"Megachilinae";"Osmiini";"Chelostoma";NA;NA;NA;"clay";"mineral";"Scheuchl E., Willner W. 2016. Taschenlexikon der Wildbienen Europas. Quelle & Meyer Verlag Wiebelsheim. 920pp.";"Abeilles";444787
239588;"Chelostoma florisomne";"(Linnaeus, 1758)";NA;NA;NA;NA;NA;"Arthropoda";"Insecta";"Hymenoptera";"Megachilidae";"Megachilinae";"Osmiini";"Chelostoma";NA;NA;NA;"pebbles";"mineral";"Scheuchl E., Willner W. 2016. Taschenlexikon der Wildbienen Europas. Quelle & Meyer Verlag Wiebelsheim. 920pp.";"Abeilles";444787
239588;"Chelostoma florisomne";"(Linnaeus, 1758)";NA;NA;NA;NA;NA;"Arthropoda";"Insecta";"Hymenoptera";"Megachilidae";"Megachilinae";"Osmiini";"Chelostoma";NA;NA;NA;"sand";"mineral";"Scheuchl E., Willner W. 2016. Taschenlexikon der Wildbienen Europas. Quelle & Meyer Verlag Wiebelsheim. 920pp.";"Abeilles";444787
239590;"Chelostoma grande";"(Nylander, 1852)";NA;NA;NA;NA;NA;"Arthropoda";"Insecta";"Hymenoptera";"Megachilidae";"Megachilinae";"Osmiini";"Chelostoma";NA;NA;NA;"clay";"mineral";"Scheuchl E., Willner W. 2016. Taschenlexikon der Wildbienen Europas. Quelle & Meyer Verlag Wiebelsheim. 920pp.";"Abeilles";444787
239590;"Chelostoma grande";"(Nylander, 1852)";NA;NA;NA;NA;NA;"Arthropoda";"Insecta";"Hymenoptera";"Megachilidae";"Megachilinae";"Osmiini";"Chelostoma";NA;NA;NA;"sand";"mineral";"Scheuchl E., Willner W. 2016. Taschenlexikon der Wildbienen Europas. Quelle & Meyer Verlag Wiebelsheim. 920pp.";"Abeilles";444787
239594;"Chelostoma rapunculi";"(Lepeletier, 1841)";NA;NA;NA;NA;NA;"Arthropoda";"Insecta";"Hymenoptera";"Megachilidae";"Megachilinae";"Osmiini";"Chelostoma";NA;NA;NA;"clay";"mineral";"Scheuchl E., Willner W. 2016. Taschenlexikon der Wildbienen Europas. Quelle & Meyer Verlag Wiebelsheim. 920pp.";"Abeilles";444787
239594;"Chelostoma rapunculi";"(Lepeletier, 1841)";NA;NA;NA;NA;NA;"Arthropoda";"Insecta";"Hymenoptera";"Megachilidae";"Megachilinae";"Osmiini";"Chelostoma";NA;NA;NA;"pebbles";"mineral";"Scheuchl E., Willner W. 2016. Taschenlexikon der Wildbienen Europas. Quelle & Meyer Verlag Wiebelsheim. 920pp.";"Abeilles";444787
239594;"Chelostoma rapunculi";"(Lepeletier, 1841)";NA;NA;NA;NA;NA;"Arthropoda";"Insecta";"Hymenoptera";"Megachilidae";"Megachilinae";"Osmiini";"Chelostoma";NA;NA;NA;"sand";"mineral";"Scheuchl E., Willner W. 2016. Taschenlexikon der Wildbienen Europas. Quelle & Meyer Verlag Wiebelsheim. 920pp.";"Abeilles";444787
815169;"Heriades crenulata";"Nylander, 1856";NA;NA;NA;NA;NA;"Arthropoda";"Insecta";"Hymenoptera";"Megachilidae";"Megachilinae";"Osmiini";"Heriades";NA;NA;NA;"pebbles";"mineral";"Scheuchl E., Willner W. 2016. Taschenlexikon der Wildbienen Europas. Quelle & Meyer Verlag Wiebelsheim. 920pp.";"Abeilles";444787
815169;"Heriades crenulata";"Nylander, 1856";NA;NA;NA;NA;NA;"Arthropoda";"Insecta";"Hymenoptera";"Megachilidae";"Megachilinae";"Osmiini";"Heriades";NA;NA;NA;"plant particules";"vegetal";"Scheuchl E., Willner W. 2016. Taschenlexikon der Wildbienen Europas. Quelle & Meyer Verlag Wiebelsheim. 920pp.";"Abeilles";444787
815169;"Heriades crenulata";"Nylander, 1856";NA;NA;NA;NA;NA;"Arthropoda";"Insecta";"Hymenoptera";"Megachilidae";"Megachilinae";"Osmiini";"Heriades";NA;NA;NA;"resin";"vegetal";"Scheuchl E., Willner W. 2016. Taschenlexikon der Wildbienen Europas. Quelle & Meyer Verlag Wiebelsheim. 920pp.";"Abeilles";444787
239717;"Heriades rubicola";"Perez, 1890";NA;NA;NA;NA;NA;"Arthropoda";"Insecta";"Hymenoptera";"Megachilidae";"Megachilinae";"Osmiini";"Heriades";NA;NA;NA;"resin";"vegetal";"Scheuchl E., Willner W. 2016. Taschenlexikon der Wildbienen Europas. Quelle & Meyer Verlag Wiebelsheim. 920pp.";"Abeilles";444787
239718;"Heriades truncorum";"(Linnaeus, 1758)";NA;NA;NA;NA;NA;"Arthropoda";"Insecta";"Hymenoptera";"Megachilidae";"Megachilinae";"Osmiini";"Heriades";NA;NA;NA;"pebbles";"mineral";"Scheuchl E., Willner W. 2016. Taschenlexikon der Wildbienen Europas. Quelle & Meyer Verlag Wiebelsheim. 920pp.";"Abeilles";444787
239718;"Heriades truncorum";"(Linnaeus, 1758)";NA;NA;NA;NA;NA;"Arthropoda";"Insecta";"Hymenoptera";"Megachilidae";"Megachilinae";"Osmiini";"Heriades";NA;NA;NA;"plant particules";"vegetal";"Scheuchl E., Willner W. 2016. Taschenlexikon der Wildbienen Europas. Quelle & Meyer Verlag Wiebelsheim. 920pp.";"Abeilles";444787
239718;"Heriades truncorum";"(Linnaeus, 1758)";NA;NA;NA;NA;NA;"Arthropoda";"Insecta";"Hymenoptera";"Megachilidae";"Megachilinae";"Osmiini";"Heriades";NA;NA;NA;"resin";"vegetal";"Scheuchl E., Willner W. 2016. Taschenlexikon der Wildbienen Europas. Quelle & Meyer Verlag Wiebelsheim. 920pp.";"Abeilles";444787
239719;"Hoplitis acuticornis";"(Dufour & Perris, 1840)";NA;NA;NA;NA;NA;"Arthropoda";"Insecta";"Hymenoptera";"Megachilidae";"Megachilinae";"Osmiini";"Hoplitis";NA;NA;NA;"pith";"vegetal";"Müller, A. 2018. Palaearctic Osmiine Bees. ETH Zürich. http://blogs.ethz.ch/osmiini";"Abeilles";444698
239719;"Hoplitis acuticornis";"(Dufour & Perris, 1840)";NA;NA;NA;NA;NA;"Arthropoda";"Insecta";"Hymenoptera";"Megachilidae";"Megachilinae";"Osmiini";"Hoplitis";NA;NA;NA;"petals";"vegetal";"Müller, A. 2018. Palaearctic Osmiine Bees. ETH Zürich. http://blogs.ethz.ch/osmiini";"Abeilles";444698
239720;"Hoplitis adunca";"(Panzer, 1798)";NA;NA;NA;NA;NA;"Arthropoda";"Insecta";"Hymenoptera";"Megachilidae";"Megachilinae";"Osmiini";"Hoplitis";NA;NA;NA;"plant particules";"vegetal";"Müller, A. 2018. Palaearctic Osmiine Bees. ETH Zürich. http://blogs.ethz.ch/osmiini";"Abeilles";444698
239720;"Hoplitis adunca";"(Panzer, 1798)";NA;NA;NA;NA;NA;"Arthropoda";"Insecta";"Hymenoptera";"Megachilidae";"Megachilinae";"Osmiini";"Hoplitis";NA;NA;NA;"petals";"vegetal";"Müller, A. 2018. Palaearctic Osmiine Bees. ETH Zürich. http://blogs.ethz.ch/osmiini";"Abeilles";444698
239720;"Hoplitis adunca";"(Panzer, 1798)";NA;NA;NA;NA;NA;"Arthropoda";"Insecta";"Hymenoptera";"Megachilidae";"Megachilinae";"Osmiini";"Hoplitis";NA;NA;NA;"sand";"mineral";"Müller, A. 2018. Palaearctic Osmiine Bees. ETH Zürich. http://blogs.ethz.ch/osmiini";"Abeilles";444698
239720;"Hoplitis adunca";"(Panzer, 1798)";NA;NA;NA;NA;NA;"Arthropoda";"Insecta";"Hymenoptera";"Megachilidae";"Megachilinae";"Osmiini";"Hoplitis";NA;NA;NA;"soil";"mineral";"Müller, A. 2018. Palaearctic Osmiine Bees. ETH Zürich. http://blogs.ethz.ch/osmiini";"Abeilles";444698
239723;"Hoplitis anthocopoides";"(Schenck, 1853)";NA;NA;NA;NA;NA;"Arthropoda";"Insecta";"Hymenoptera";"Megachilidae";"Megachilinae";"Osmiini";"Hoplitis";NA;NA;NA;"petals";"vegetal";"Müller, A. 2018. Palaearctic Osmiine Bees. ETH Zürich. http://blogs.ethz.ch/osmiini";"Abeilles";444698
239723;"Hoplitis anthocopoides";"(Schenck, 1853)";NA;NA;NA;NA;NA;"Arthropoda";"Insecta";"Hymenoptera";"Megachilidae";"Megachilinae";"Osmiini";"Hoplitis";NA;NA;NA;"soil";"mineral";"Müller, A. 2018. Palaearctic Osmiine Bees. ETH Zürich. http://blogs.ethz.ch/osmiini";"Abeilles";444698
239724;"Hoplitis benoisti";"(Alfken, 1935)";NA;NA;NA;NA;NA;"Arthropoda";"Insecta";"Hymenoptera";"Megachilidae";"Megachilinae";"Osmiini";"Hoplitis";NA;NA;NA;"pebbles";"mineral";"Müller, A. 2018. Palaearctic Osmiine Bees. ETH Zürich. http://blogs.ethz.ch/osmiini";"Abeilles";444698
239724;"Hoplitis benoisti";"(Alfken, 1935)";NA;NA;NA;NA;NA;"Arthropoda";"Insecta";"Hymenoptera";"Megachilidae";"Megachilinae";"Osmiini";"Hoplitis";NA;NA;NA;"water";"mineral";"Müller, A. 2018. Palaearctic Osmiine Bees. ETH Zürich. http://blogs.ethz.ch/osmiini";"Abeilles";444698
239724;"Hoplitis benoisti";"(Alfken, 1935)";NA;NA;NA;NA;NA;"Arthropoda";"Insecta";"Hymenoptera";"Megachilidae";"Megachilinae";"Osmiini";"Hoplitis";NA;NA;NA;"soil";"mineral";"Müller, A. 2018. Palaearctic Osmiine Bees. ETH Zürich. http://blogs.ethz.ch/osmiini";"Abeilles";444698
239725;"Hoplitis bihamata";"(Costa, 1885)";NA;NA;NA;NA;NA;"Arthropoda";"Insecta";"Hymenoptera";"Megachilidae";"Megachilinae";"Osmiini";"Hoplitis";NA;NA;NA;"water";"mineral";"Müller, A. 2018. Palaearctic Osmiine Bees. ETH Zürich. http://blogs.ethz.ch/osmiini";"Abeilles";444698
239725;"Hoplitis bihamata";"(Costa, 1885)";NA;NA;NA;NA;NA;"Arthropoda";"Insecta";"Hymenoptera";"Megachilidae";"Megachilinae";"Osmiini";"Hoplitis";NA;NA;NA;"petals";"vegetal";"Müller, A. 2018. Palaearctic Osmiine Bees. ETH Zürich. http://blogs.ethz.ch/osmiini";"Abeilles";444698
239725;"Hoplitis bihamata";"(Costa, 1885)";NA;NA;NA;NA;NA;"Arthropoda";"Insecta";"Hymenoptera";"Megachilidae";"Megachilinae";"Osmiini";"Hoplitis";NA;NA;NA;"soil";"mineral";"Müller, A. 2018. Palaearctic Osmiine Bees. ETH Zürich. http://blogs.ethz.ch/osmiini";"Abeilles";444698
239726;"Hoplitis bisulca";"(Gerstacker, 1869)";NA;NA;NA;NA;NA;"Arthropoda";"Insecta";"Hymenoptera";"Megachilidae";"Megachilinae";"Osmiini";"Hoplitis";NA;NA;NA;"leaves";"vegetal";"Müller, A. 2018. Palaearctic Osmiine Bees. ETH Zürich. http://blogs.ethz.ch/osmiini";"Abeilles";444698
239726;"Hoplitis bisulca";"(Gerstacker, 1869)";NA;NA;NA;NA;NA;"Arthropoda";"Insecta";"Hymenoptera";"Megachilidae";"Megachilinae";"Osmiini";"Hoplitis";NA;NA;NA;"petals";"vegetal";"Müller, A. 2018. Palaearctic Osmiine Bees. ETH Zürich. http://blogs.ethz.ch/osmiini";"Abeilles";444698
239729;"Hoplitis claviventris";"(Thomson, 1872)";NA;NA;NA;NA;NA;"Arthropoda";"Insecta";"Hymenoptera";"Megachilidae";"Megachilinae";"Osmiini";"Hoplitis";NA;NA;NA;"leaves";"vegetal";"Müller, A. 2018. Palaearctic Osmiine Bees. ETH Zürich. http://blogs.ethz.ch/osmiini";"Abeilles";444698
239729;"Hoplitis claviventris";"(Thomson, 1872)";NA;NA;NA;NA;NA;"Arthropoda";"Insecta";"Hymenoptera";"Megachilidae";"Megachilinae";"Osmiini";"Hoplitis";NA;NA;NA;"petals";"vegetal";"Müller, A. 2018. Palaearctic Osmiine Bees. ETH Zürich. http://blogs.ethz.ch/osmiini";"Abeilles";444698
239732;"Hoplitis cristatula";"(Van der Zanden, 1990)";NA;NA;NA;NA;NA;"Arthropoda";"Insecta";"Hymenoptera";"Megachilidae";"Megachilinae";"Osmiini";"Hoplitis";NA;NA;NA;"petals";"vegetal";"Lhomme, P. 2014. Hoplitis cristatula. The IUCN Red List of Threatened Species 2014: e.T19198907A21153582";"Abeilles";447575
239732;"Hoplitis cristatula";"(Van der Zanden, 1990)";NA;NA;NA;NA;NA;"Arthropoda";"Insecta";"Hymenoptera";"Megachilidae";"Megachilinae";"Osmiini";"Hoplitis";NA;NA;NA;"soil";"mineral";"Lhomme, P. 2014. Hoplitis cristatula. The IUCN Red List of Threatened Species 2014: e.T19198907A21153582";"Abeilles";447575
239733;"Hoplitis curvipes";"(Morawitz, 1871)";NA;NA;NA;NA;NA;"Arthropoda";"Insecta";"Hymenoptera";"Megachilidae";"Megachilinae";"Osmiini";"Hoplitis";NA;NA;NA;"leaves";"vegetal";"Müller, A. 2018. Palaearctic Osmiine Bees. ETH Zürich. http://blogs.ethz.ch/osmiini";"Abeilles";444698
239735;"Hoplitis dalmatica";"(Morawitz, 1871)";NA;NA;NA;NA;NA;"Arthropoda";"Insecta";"Hymenoptera";"Megachilidae";"Megachilinae";"Osmiini";"Hoplitis";NA;NA;NA;"leaves";"vegetal";"Müller, A. 2018. Palaearctic Osmiine Bees. ETH Zürich. http://blogs.ethz.ch/osmiini";"Abeilles";444698
239735;"Hoplitis dalmatica";"(Morawitz, 1871)";NA;NA;NA;NA;NA;"Arthropoda";"Insecta";"Hymenoptera";"Megachilidae";"Megachilinae";"Osmiini";"Hoplitis";NA;NA;NA;"petals";"vegetal";"Müller, A. 2018. Palaearctic Osmiine Bees. ETH Zürich. http://blogs.ethz.ch/osmiini";"Abeilles";444698
814836;"Hoplitis jakovlevi";"(Radoszkowski, 1874)";NA;NA;NA;NA;NA;"Arthropoda";"Insecta";"Hymenoptera";"Megachilidae";"Megachilinae";"Osmiini";"Hoplitis";NA;NA;NA;"petals";"vegetal";"Müller, A. 2018. Palaearctic Osmiine Bees. ETH Zürich. http://blogs.ethz.ch/osmiini";"Abeilles";444698
239737;"Hoplitis lepeletieri";"(Perez, 1880)";NA;NA;NA;NA;NA;"Arthropoda";"Insecta";"Hymenoptera";"Megachilidae";"Megachilinae";"Osmiini";"Hoplitis";NA;NA;NA;"petals";"vegetal";"Müller, A. 2018. Palaearctic Osmiine Bees. ETH Zürich. http://blogs.ethz.ch/osmiini";"Abeilles";444698
239737;"Hoplitis lepeletieri";"(Perez, 1880)";NA;NA;NA;NA;NA;"Arthropoda";"Insecta";"Hymenoptera";"Megachilidae";"Megachilinae";"Osmiini";"Hoplitis";NA;NA;NA;"soil";"mineral";"Müller, A. 2018. Palaearctic Osmiine Bees. ETH Zürich. http://blogs.ethz.ch/osmiini";"Abeilles";444698
239738;"Hoplitis leucomelana";"(Kirby, 1802)";NA;NA;NA;NA;NA;"Arthropoda";"Insecta";"Hymenoptera";"Megachilidae";"Megachilinae";"Osmiini";"Hoplitis";NA;NA;NA;"petals";"vegetal";"Müller, A. 2018. Palaearctic Osmiine Bees. ETH Zürich. http://blogs.ethz.ch/osmiini";"Abeilles";444698
239738;"Hoplitis leucomelana";"(Kirby, 1802)";NA;NA;NA;NA;NA;"Arthropoda";"Insecta";"Hymenoptera";"Megachilidae";"Megachilinae";"Osmiini";"Hoplitis";NA;NA;NA;"soil";"mineral";"Müller, A. 2018. Palaearctic Osmiine Bees. ETH Zürich. http://blogs.ethz.ch/osmiini";"Abeilles";444698
239739;"Hoplitis loti";"(Morawitz, 1867)";NA;NA;NA;NA;NA;"Arthropoda";"Insecta";"Hymenoptera";"Megachilidae";"Megachilinae";"Osmiini";"Hoplitis";NA;NA;NA;"petals";"vegetal";"Müller, A. 2018. Palaearctic Osmiine Bees. ETH Zürich. http://blogs.ethz.ch/osmiini";"Abeilles";444698
239739;"Hoplitis loti";"(Morawitz, 1867)";NA;NA;NA;NA;NA;"Arthropoda";"Insecta";"Hymenoptera";"Megachilidae";"Megachilinae";"Osmiini";"Hoplitis";NA;NA;NA;"soil";"mineral";"Müller, A. 2018. Palaearctic Osmiine Bees. ETH Zürich. http://blogs.ethz.ch/osmiini";"Abeilles";444698
318027;"Hoplitis manicata";"(Morice, 1901)";NA;NA;NA;NA;NA;"Arthropoda";"Insecta";"Hymenoptera";"Megachilidae";"Megachilinae";"Osmiini";"Hoplitis";NA;NA;NA;"petals";"vegetal";"Müller, A. 2018. Palaearctic Osmiine Bees. ETH Zürich. http://blogs.ethz.ch/osmiini";"Abeilles";444698
318027;"Hoplitis manicata";"(Morice, 1901)";NA;NA;NA;NA;NA;"Arthropoda";"Insecta";"Hymenoptera";"Megachilidae";"Megachilinae";"Osmiini";"Hoplitis";NA;NA;NA;"soil";"mineral";"Müller, A. 2018. Palaearctic Osmiine Bees. ETH Zürich. http://blogs.ethz.ch/osmiini";"Abeilles";444698
239740;"Hoplitis mitis";"(Nylander, 1852)";NA;NA;NA;NA;NA;"Arthropoda";"Insecta";"Hymenoptera";"Megachilidae";"Megachilinae";"Osmiini";"Hoplitis";NA;NA;NA;"leaves";"vegetal";"Müller, A. 2018. Palaearctic Osmiine Bees. ETH Zürich. http://blogs.ethz.ch/osmiini";"Abeilles";444698
239741;"Hoplitis mocsaryi";"(Friese, 1895)";NA;NA;NA;NA;NA;"Arthropoda";"Insecta";"Hymenoptera";"Megachilidae";"Megachilinae";"Osmiini";"Hoplitis";NA;NA;NA;"petals";"vegetal";"Banaszak J., Romasenko L. 2001. Megachilid bees of Europe (Hymenoptera, Apoidea, Megachilidae). Pedagogical University of Bydgoszcz, Bydgoszcz. 239 pp.";"Abeilles";444864
814842;"Hoplitis occidentalis";"Muller, 2012";NA;NA;NA;NA;NA;"Arthropoda";"Insecta";"Hymenoptera";"Megachilidae";"Megachilinae";"Osmiini";"Hoplitis";NA;NA;NA;"petals";"vegetal";"Müller, A. 2018. Palaearctic Osmiine Bees. ETH Zürich. http://blogs.ethz.ch/osmiini";"Abeilles";444698
814842;"Hoplitis occidentalis";"Muller, 2012";NA;NA;NA;NA;NA;"Arthropoda";"Insecta";"Hymenoptera";"Megachilidae";"Megachilinae";"Osmiini";"Hoplitis";NA;NA;NA;"soil";"mineral";"Müller, A. 2018. Palaearctic Osmiine Bees. ETH Zürich. http://blogs.ethz.ch/osmiini";"Abeilles";444698
239744;"Hoplitis papaveris";"(Latreille, 1799)";NA;NA;NA;NA;NA;"Arthropoda";"Insecta";"Hymenoptera";"Megachilidae";"Megachilinae";"Osmiini";"Hoplitis";NA;NA;NA;"soil";"mineral";"Müller, A. 2018. Palaearctic Osmiine Bees. ETH Zürich. http://blogs.ethz.ch/osmiini";"Abeilles";444698
239745;"Hoplitis perezi";"(Ferton, 1895)";NA;NA;NA;NA;NA;"Arthropoda";"Insecta";"Hymenoptera";"Megachilidae";"Megachilinae";"Osmiini";"Hoplitis";NA;NA;NA;"leaves";"vegetal";"Scheuchl E., Willner W. 2016. Taschenlexikon der Wildbienen Europas. Quelle & Meyer Verlag Wiebelsheim. 920pp.";"Abeilles";444787
239746;"Hoplitis praestans";"(Morawitz, 1894)";NA;NA;NA;NA;NA;"Arthropoda";"Insecta";"Hymenoptera";"Megachilidae";"Megachilinae";"Osmiini";"Hoplitis";NA;NA;NA;"petals";"vegetal";"Müller, A. 2018. Palaearctic Osmiine Bees. ETH Zürich. http://blogs.ethz.ch/osmiini";"Abeilles";444698
239746;"Hoplitis praestans";"(Morawitz, 1894)";NA;NA;NA;NA;NA;"Arthropoda";"Insecta";"Hymenoptera";"Megachilidae";"Megachilinae";"Osmiini";"Hoplitis";NA;NA;NA;"sand";"mineral";"Müller, A. 2018. Palaearctic Osmiine Bees. ETH Zürich. http://blogs.ethz.ch/osmiini";"Abeilles";444698
239747;"Hoplitis ravouxi";"(Perez, 1902)";NA;NA;NA;NA;NA;"Arthropoda";"Insecta";"Hymenoptera";"Megachilidae";"Megachilinae";"Osmiini";"Hoplitis";NA;NA;NA;"leaves";"vegetal";"Scheuchl E., Willner W. 2016. Taschenlexikon der Wildbienen Europas. Quelle & Meyer Verlag Wiebelsheim. 920pp.";"Abeilles";444787
239748;"Hoplitis robusta";"(Nylander, 1848)";NA;NA;NA;NA;NA;"Arthropoda";"Insecta";"Hymenoptera";"Megachilidae";"Megachilinae";"Osmiini";"Hoplitis";NA;NA;NA;"leaves";"vegetal";"SwissBeeTeam. 2018. Atlas en ligne des abeilles sauvages de Suisse. InfoFauna. http://swisswildbee.ch.";"Abeilles";444815
932179;"Hoplitis stecki";"(Frey-Gessner, 1908)";NA;NA;NA;NA;NA;"Arthropoda";"Insecta";"Hymenoptera";"Megachilidae";"Megachilinae";"Osmiini";"Hoplitis";NA;NA;NA;"soil";"mineral";"Le Goff, G. 2005. Seconde note sur des Hoplitis nidifiant dans cavites rocheuses en Espagne: Hoplitis mucidoides v. der Zanden et H. marchali Perez. Leur nidification et leurs parasites. Lambillionea, 105: 513-516.";"Abeilles";447741
239794;"Hylaeus rinki";"(Gorski, 1852)";NA;NA;NA;NA;NA;"Arthropoda";"Insecta";"Hymenoptera";"Colletidae";"Hylaeinae";NA;"Hylaeus";NA;NA;NA;"plant particules";"vegetal";"Scheuchl E., Willner W. 2016. Taschenlexikon der Wildbienen Europas. Quelle & Meyer Verlag Wiebelsheim. 920pp.";"Abeilles";444787
239808;"Icteranthidium grohmanni";"(Spinola, 1838)";NA;NA;NA;NA;NA;"Arthropoda";"Insecta";"Hymenoptera";"Megachilidae";"Megachilinae";"Anthidiini";"Icteranthidium";NA;NA;NA;"resin";"vegetal";"Vereecken, N. 2017. Decouvrir & proteger nos abeilles sauvages. Glenat, Grenoble. 192pp.";"Abeilles";447742
239809;"Icteranthidium laterale";"(Latreille, 1809)";NA;NA;NA;NA;NA;"Arthropoda";"Insecta";"Hymenoptera";"Megachilidae";"Megachilinae";"Anthidiini";"Icteranthidium";NA;NA;NA;"resin";"vegetal";"Scheuchl E., Willner W. 2016. Taschenlexikon der Wildbienen Europas. Quelle & Meyer Verlag Wiebelsheim. 920pp.";"Abeilles";444787
239849;"Lasioglossum leucozonium";"(Schrank, 1781)";NA;NA;NA;NA;NA;"Arthropoda";"Insecta";"Hymenoptera";"Halictidae";"Halictinae";"Halictini";"Lasioglossum";NA;NA;NA;"soil";"mineral";"Scheuchl E., Willner W. 2016. Taschenlexikon der Wildbienen Europas. Quelle & Meyer Verlag Wiebelsheim. 920pp.";"Abeilles";444787
239853;"Lasioglossum lucidulum";"(Schenck, 1861)";NA;NA;NA;NA;NA;"Arthropoda";"Insecta";"Hymenoptera";"Halictidae";"Halictinae";"Halictini";"Lasioglossum";NA;NA;NA;"sand";"mineral";"Scheuchl E., Willner W. 2016. Taschenlexikon der Wildbienen Europas. Quelle & Meyer Verlag Wiebelsheim. 920pp.";"Abeilles";444787
815156;"Lasioglossum xanthopus";"(Kirby, 1802)";NA;NA;NA;NA;NA;"Arthropoda";"Insecta";"Hymenoptera";"Halictidae";"Halictinae";"Halictini";"Lasioglossum";NA;NA;NA;"soil";"mineral";"Scheuchl E., Willner W. 2016. Taschenlexikon der Wildbienen Europas. Quelle & Meyer Verlag Wiebelsheim. 920pp.";"Abeilles";444787
239902;"Lithurgus chrysurus";"Fonscolombe, 1834";NA;NA;NA;NA;NA;"Arthropoda";"Insecta";"Hymenoptera";"Megachilidae";"Lithurginae";NA;"Lithurgus";NA;NA;NA;"wood";"vegetal";"Scheuchl E., Willner W. 2016. Taschenlexikon der Wildbienen Europas. Quelle & Meyer Verlag Wiebelsheim. 920pp.";"Abeilles";444787
239903;"Lithurgus cornutus";"(Fabricius, 1787)";NA;NA;NA;NA;NA;"Arthropoda";"Insecta";"Hymenoptera";"Megachilidae";"Lithurginae";NA;"Lithurgus";NA;NA;NA;"wood";"vegetal";"Scheuchl E., Willner W. 2016. Taschenlexikon der Wildbienen Europas. Quelle & Meyer Verlag Wiebelsheim. 920pp.";"Abeilles";444787
808448;"Megachile albisecta";"(Klug in Germar, 1817)";NA;NA;NA;NA;NA;"Arthropoda";"Insecta";"Hymenoptera";"Megachilidae";"Megachilinae";"Megachilini";"Megachile";NA;NA;NA;"pebbles";"mineral";"Scheuchl E., Willner W. 2016. Taschenlexikon der Wildbienen Europas. Quelle & Meyer Verlag Wiebelsheim. 920pp.";"Abeilles";444787
808448;"Megachile albisecta";"(Klug in Germar, 1817)";NA;NA;NA;NA;NA;"Arthropoda";"Insecta";"Hymenoptera";"Megachilidae";"Megachilinae";"Megachilini";"Megachile";NA;NA;NA;"leaves";"vegetal";"Scheuchl E., Willner W. 2016. Taschenlexikon der Wildbienen Europas. Quelle & Meyer Verlag Wiebelsheim. 920pp.";"Abeilles";444787
239906;"Megachile alpicola";"Alfken, 1924";NA;NA;NA;NA;NA;"Arthropoda";"Insecta";"Hymenoptera";"Megachilidae";"Megachilinae";"Megachilini";"Megachile";NA;NA;NA;"pebbles";"mineral";"Scheuchl E., Willner W. 2016. Taschenlexikon der Wildbienen Europas. Quelle & Meyer Verlag Wiebelsheim. 920pp.";"Abeilles";444787
239906;"Megachile alpicola";"Alfken, 1924";NA;NA;NA;NA;NA;"Arthropoda";"Insecta";"Hymenoptera";"Megachilidae";"Megachilinae";"Megachilini";"Megachile";NA;NA;NA;"leaves";"vegetal";"Scheuchl E., Willner W. 2016. Taschenlexikon der Wildbienen Europas. Quelle & Meyer Verlag Wiebelsheim. 920pp.";"Abeilles";444787
239907;"Megachile analis";"Nylander, 1852";NA;NA;NA;NA;NA;"Arthropoda";"Insecta";"Hymenoptera";"Megachilidae";"Megachilinae";"Megachilini";"Megachile";NA;NA;NA;"bark";"vegetal";"Scheuchl E., Willner W. 2016. Taschenlexikon der Wildbienen Europas. Quelle & Meyer Verlag Wiebelsheim. 920pp.";"Abeilles";444787
239907;"Megachile analis";"Nylander, 1852";NA;NA;NA;NA;NA;"Arthropoda";"Insecta";"Hymenoptera";"Megachilidae";"Megachilinae";"Megachilini";"Megachile";NA;NA;NA;"leaves";"vegetal";"Scheuchl E., Willner W. 2016. Taschenlexikon der Wildbienen Europas. Quelle & Meyer Verlag Wiebelsheim. 920pp.";"Abeilles";444787
239907;"Megachile analis";"Nylander, 1852";NA;NA;NA;NA;NA;"Arthropoda";"Insecta";"Hymenoptera";"Megachilidae";"Megachilinae";"Megachilini";"Megachile";NA;NA;NA;"sand";"mineral";"Scheuchl E., Willner W. 2016. Taschenlexikon der Wildbienen Europas. Quelle & Meyer Verlag Wiebelsheim. 920pp.";"Abeilles";444787
239908;"Megachile apicalis";"Spinola, 1808";NA;NA;NA;NA;NA;"Arthropoda";"Insecta";"Hymenoptera";"Megachilidae";"Megachilinae";"Megachilini";"Megachile";NA;NA;NA;"leaves";"vegetal";"Scheuchl E., Willner W. 2016. Taschenlexikon der Wildbienen Europas. Quelle & Meyer Verlag Wiebelsheim. 920pp.";"Abeilles";444787
53157;"Megachile centuncularis";"(Linnaeus, 1758)";NA;NA;NA;NA;NA;"Arthropoda";"Insecta";"Hymenoptera";"Megachilidae";"Megachilinae";"Megachilini";"Megachile";NA;NA;NA;"leaves";"vegetal";"Scheuchl E., Willner W. 2016. Taschenlexikon der Wildbienen Europas. Quelle & Meyer Verlag Wiebelsheim. 920pp.";"Abeilles";444787
53158;"Megachile circumcincta";"(Kirby, 1802)";NA;NA;NA;NA;NA;"Arthropoda";"Insecta";"Hymenoptera";"Megachilidae";"Megachilinae";"Megachilini";"Megachile";NA;NA;NA;"wood";"vegetal";"Scheuchl E., Willner W. 2016. Taschenlexikon der Wildbienen Europas. Quelle & Meyer Verlag Wiebelsheim. 920pp.";"Abeilles";444787
53158;"Megachile circumcincta";"(Kirby, 1802)";NA;NA;NA;NA;NA;"Arthropoda";"Insecta";"Hymenoptera";"Megachilidae";"Megachilinae";"Megachilini";"Megachile";NA;NA;NA;"leaves";"vegetal";"Scheuchl E., Willner W. 2016. Taschenlexikon der Wildbienen Europas. Quelle & Meyer Verlag Wiebelsheim. 920pp.";"Abeilles";444787
318184;"Megachile pusilla";"Perez, 1884";NA;NA;NA;NA;NA;"Arthropoda";"Insecta";"Hymenoptera";"Megachilidae";"Megachilinae";"Megachilini";"Megachile";NA;NA;NA;"leaves";"vegetal";"Vereecken, N. & Praz, C. 2024.Personnal communication. In: Aubouin, L., Genoud, D., Givord-Coupeau, B., Tercerie, S., Gargominy, O., Leclercq, V., Geslin, B., Schatz, B. 2024. BeeFunc : a comprehensive trait database for French wild bees.";"Abeilles";447743
239911;"Megachile deceptoria";"Perez, 1890";NA;NA;NA;NA;NA;"Arthropoda";"Insecta";"Hymenoptera";"Megachilidae";"Megachilinae";"Megachilini";"Megachile";NA;NA;NA;"leaves";"vegetal";"Scheuchl E., Willner W. 2016. Taschenlexikon der Wildbienen Europas. Quelle & Meyer Verlag Wiebelsheim. 920pp.";"Abeilles";444787
721013;"Megachile ericetorum";"Lepeletier, 1841";NA;NA;NA;NA;NA;"Arthropoda";"Insecta";"Hymenoptera";"Megachilidae";"Megachilinae";"Megachilini";"Megachile";NA;NA;NA;"clay";"mineral";"Scheuchl E., Willner W. 2016. Taschenlexikon der Wildbienen Europas. Quelle & Meyer Verlag Wiebelsheim. 920pp.";"Abeilles";444787
721013;"Megachile ericetorum";"Lepeletier, 1841";NA;NA;NA;NA;NA;"Arthropoda";"Insecta";"Hymenoptera";"Megachilidae";"Megachilinae";"Megachilini";"Megachile";NA;NA;NA;"resin";"vegetal";"Scheuchl E., Willner W. 2016. Taschenlexikon der Wildbienen Europas. Quelle & Meyer Verlag Wiebelsheim. 920pp.";"Abeilles";444787
721013;"Megachile ericetorum";"Lepeletier, 1841";NA;NA;NA;NA;NA;"Arthropoda";"Insecta";"Hymenoptera";"Megachilidae";"Megachilinae";"Megachilini";"Megachile";NA;NA;NA;"sand";"mineral";"Scheuchl E., Willner W. 2016. Taschenlexikon der Wildbienen Europas. Quelle & Meyer Verlag Wiebelsheim. 920pp.";"Abeilles";444787
239915;"Megachile genalis";"Morawitz, 1880";NA;NA;NA;NA;NA;"Arthropoda";"Insecta";"Hymenoptera";"Megachilidae";"Megachilinae";"Megachilini";"Megachile";NA;NA;NA;"leaves";"vegetal";"Scheuchl E., Willner W. 2016. Taschenlexikon der Wildbienen Europas. Quelle & Meyer Verlag Wiebelsheim. 920pp.";"Abeilles";444787
239915;"Megachile genalis";"Morawitz, 1880";NA;NA;NA;NA;NA;"Arthropoda";"Insecta";"Hymenoptera";"Megachilidae";"Megachilinae";"Megachilini";"Megachile";NA;NA;NA;"stem";"vegetal";"Scheuchl E., Willner W. 2016. Taschenlexikon der Wildbienen Europas. Quelle & Meyer Verlag Wiebelsheim. 920pp.";"Abeilles";444787
239916;"Megachile giraudi";"Gerstacker, 1869";NA;NA;NA;NA;NA;"Arthropoda";"Insecta";"Hymenoptera";"Megachilidae";"Megachilinae";"Megachilini";"Megachile";NA;NA;NA;"petals";"vegetal";"Banaszak J., Romasenko L. 2001. Megachilid bees of Europe (Hymenoptera, Apoidea, Megachilidae). Pedagogical University of Bydgoszcz, Bydgoszcz. 239 pp.";"Abeilles";444864
239917;"Megachile lagopoda";"(Linnaeus, 1761)";NA;NA;NA;NA;NA;"Arthropoda";"Insecta";"Hymenoptera";"Megachilidae";"Megachilinae";"Megachilini";"Megachile";NA;NA;NA;"leaves";"vegetal";"Scheuchl E., Willner W. 2016. Taschenlexikon der Wildbienen Europas. Quelle & Meyer Verlag Wiebelsheim. 920pp.";"Abeilles";444787
239918;"Megachile lapponica";"Thomson, 1872";NA;NA;NA;NA;NA;"Arthropoda";"Insecta";"Hymenoptera";"Megachilidae";"Megachilinae";"Megachilini";"Megachile";NA;NA;NA;"bark";"vegetal";"Scheuchl E., Willner W. 2016. Taschenlexikon der Wildbienen Europas. Quelle & Meyer Verlag Wiebelsheim. 920pp.";"Abeilles";444787
239918;"Megachile lapponica";"Thomson, 1872";NA;NA;NA;NA;NA;"Arthropoda";"Insecta";"Hymenoptera";"Megachilidae";"Megachilinae";"Megachilini";"Megachile";NA;NA;NA;"leaves";"vegetal";"Scheuchl E., Willner W. 2016. Taschenlexikon der Wildbienen Europas. Quelle & Meyer Verlag Wiebelsheim. 920pp.";"Abeilles";444787
239919;"Megachile leachella";"Curtis, 1828";NA;NA;NA;NA;NA;"Arthropoda";"Insecta";"Hymenoptera";"Megachilidae";"Megachilinae";"Megachilini";"Megachile";NA;NA;NA;"wood";"vegetal";"Scheuchl E., Willner W. 2016. Taschenlexikon der Wildbienen Europas. Quelle & Meyer Verlag Wiebelsheim. 920pp.";"Abeilles";444787
239919;"Megachile leachella";"Curtis, 1828";NA;NA;NA;NA;NA;"Arthropoda";"Insecta";"Hymenoptera";"Megachilidae";"Megachilinae";"Megachilini";"Megachile";NA;NA;NA;"leaves";"vegetal";"Scheuchl E., Willner W. 2016. Taschenlexikon der Wildbienen Europas. Quelle & Meyer Verlag Wiebelsheim. 920pp.";"Abeilles";444787
239919;"Megachile leachella";"Curtis, 1828";NA;NA;NA;NA;NA;"Arthropoda";"Insecta";"Hymenoptera";"Megachilidae";"Megachilinae";"Megachilini";"Megachile";NA;NA;NA;"grass";"vegetal";"Scheuchl E., Willner W. 2016. Taschenlexikon der Wildbienen Europas. Quelle & Meyer Verlag Wiebelsheim. 920pp.";"Abeilles";444787
808456;"Megachile lefebvrei";"Lepeletier, 1841";NA;NA;NA;NA;NA;"Arthropoda";"Insecta";"Hymenoptera";"Megachilidae";"Megachilinae";"Megachilini";"Megachile";NA;NA;NA;"leaves";"vegetal";"Cross, I. 2024. Personnal communication. In: Aubouin, L., Genoud, D., Givord-Coupeau, B., Tercerie, S., Gargominy, O., Leclercq, V., Geslin, B., Schatz, B. 2024. BeeFunc : a comprehensive trait database for French wild bees.";"Abeilles";447744
239920;"Megachile leucomalla";"Gerstacker, 1869";NA;NA;NA;NA;NA;"Arthropoda";"Insecta";"Hymenoptera";"Megachilidae";"Megachilinae";"Megachilini";"Megachile";NA;NA;NA;"leaves";"vegetal";"Banaszak J., Romasenko L. 2001. Megachilid bees of Europe (Hymenoptera, Apoidea, Megachilidae). Pedagogical University of Bydgoszcz, Bydgoszcz. 239 pp.";"Abeilles";444864
239921;"Megachile ligniseca";"(Kirby, 1802)";NA;NA;NA;NA;NA;"Arthropoda";"Insecta";"Hymenoptera";"Megachilidae";"Megachilinae";"Megachilini";"Megachile";NA;NA;NA;"leaves";"vegetal";"Scheuchl E., Willner W. 2016. Taschenlexikon der Wildbienen Europas. Quelle & Meyer Verlag Wiebelsheim. 920pp.";"Abeilles";444787
239921;"Megachile ligniseca";"(Kirby, 1802)";NA;NA;NA;NA;NA;"Arthropoda";"Insecta";"Hymenoptera";"Megachilidae";"Megachilinae";"Megachilini";"Megachile";NA;NA;NA;"plant particules";"vegetal";"Scheuchl E., Willner W. 2016. Taschenlexikon der Wildbienen Europas. Quelle & Meyer Verlag Wiebelsheim. 920pp.";"Abeilles";444787
53159;"Megachile maritima";"(Kirby, 1802)";NA;NA;NA;NA;NA;"Arthropoda";"Insecta";"Hymenoptera";"Megachilidae";"Megachilinae";"Megachilini";"Megachile";NA;NA;NA;"leaves";"vegetal";"Scheuchl E., Willner W. 2016. Taschenlexikon der Wildbienen Europas. Quelle & Meyer Verlag Wiebelsheim. 920pp.";"Abeilles";444787
239923;"Megachile melanopyga";"Costa, 1863";NA;NA;NA;NA;NA;"Arthropoda";"Insecta";"Hymenoptera";"Megachilidae";"Megachilinae";"Megachilini";"Megachile";NA;NA;NA;"leaves";"vegetal";"Genoud, D. 2024. Personnal communication. In: Aubouin, L., Genoud, D., Givord-Coupeau, B., Tercerie, S., Gargominy, O., Leclercq, V., Henry, M., Guilbaud, L., Geslin, B., Schatz, B. 2025. BeeFunc: a comprehensive trait database for French bees.";"Abeilles";447698
53161;"Megachile nigriventris";"Schenck, 1869";NA;NA;NA;NA;NA;"Arthropoda";"Insecta";"Hymenoptera";"Megachilidae";"Megachilinae";"Megachilini";"Megachile";NA;NA;NA;"wood";"vegetal";"Scheuchl E., Willner W. 2016. Taschenlexikon der Wildbienen Europas. Quelle & Meyer Verlag Wiebelsheim. 920pp.";"Abeilles";444787
53161;"Megachile nigriventris";"Schenck, 1869";NA;NA;NA;NA;NA;"Arthropoda";"Insecta";"Hymenoptera";"Megachilidae";"Megachilinae";"Megachilini";"Megachile";NA;NA;NA;"leaves";"vegetal";"Scheuchl E., Willner W. 2016. Taschenlexikon der Wildbienen Europas. Quelle & Meyer Verlag Wiebelsheim. 920pp.";"Abeilles";444787
53161;"Megachile nigriventris";"Schenck, 1869";NA;NA;NA;NA;NA;"Arthropoda";"Insecta";"Hymenoptera";"Megachilidae";"Megachilinae";"Megachilini";"Megachile";NA;NA;NA;"grass";"vegetal";"Scheuchl E., Willner W. 2016. Taschenlexikon der Wildbienen Europas. Quelle & Meyer Verlag Wiebelsheim. 920pp.";"Abeilles";444787
239924;"Megachile octosignata";"Nylander, 1852";NA;NA;NA;NA;NA;"Arthropoda";"Insecta";"Hymenoptera";"Megachilidae";"Megachilinae";"Megachilini";"Megachile";NA;NA;NA;"leaves";"vegetal";"Scheuchl E., Willner W. 2016. Taschenlexikon der Wildbienen Europas. Quelle & Meyer Verlag Wiebelsheim. 920pp.";"Abeilles";444787
712923;"Megachile parietina";"(Geoffroy in Fourcroy, 1785)";NA;NA;NA;NA;NA;"Arthropoda";"Insecta";"Hymenoptera";"Megachilidae";"Megachilinae";"Megachilini";"Megachile";NA;NA;NA;"pebbles";"mineral";"Scheuchl E., Willner W. 2016. Taschenlexikon der Wildbienen Europas. Quelle & Meyer Verlag Wiebelsheim. 920pp.";"Abeilles";444787
712923;"Megachile parietina";"(Geoffroy in Fourcroy, 1785)";NA;NA;NA;NA;NA;"Arthropoda";"Insecta";"Hymenoptera";"Megachilidae";"Megachilinae";"Megachilini";"Megachile";NA;NA;NA;"sand";"mineral";"Scheuchl E., Willner W. 2016. Taschenlexikon der Wildbienen Europas. Quelle & Meyer Verlag Wiebelsheim. 920pp.";"Abeilles";444787
712923;"Megachile parietina";"(Geoffroy in Fourcroy, 1785)";NA;NA;NA;NA;NA;"Arthropoda";"Insecta";"Hymenoptera";"Megachilidae";"Megachilinae";"Megachilini";"Megachile";NA;NA;NA;"soil";"mineral";"Scheuchl E., Willner W. 2016. Taschenlexikon der Wildbienen Europas. Quelle & Meyer Verlag Wiebelsheim. 920pp.";"Abeilles";444787
1021872;"Megachile argentata";"(Fabricius, 1793)";NA;NA;NA;NA;NA;"Arthropoda";"Insecta";"Hymenoptera";"Megachilidae";"Megachilinae";"Megachilini";"Megachile";NA;NA;NA;"leaves";"vegetal";"Scheuchl E., Willner W. 2016. Taschenlexikon der Wildbienen Europas. Quelle & Meyer Verlag Wiebelsheim. 920pp.";"Abeilles";444787
53163;"Megachile pyrenaea";"Perez, 1890";NA;NA;NA;NA;NA;"Arthropoda";"Insecta";"Hymenoptera";"Megachilidae";"Megachilinae";"Megachilini";"Megachile";NA;NA;NA;"leaves";"vegetal";"Scheuchl E., Willner W. 2016. Taschenlexikon der Wildbienen Europas. Quelle & Meyer Verlag Wiebelsheim. 920pp.";"Abeilles";444787
814874;"Megachile pyrenaica";"Lepeletier de Saint-Fargeau, 1841";NA;NA;NA;NA;NA;"Arthropoda";"Insecta";"Hymenoptera";"Megachilidae";"Megachilinae";"Megachilini";"Megachile";NA;NA;NA;"wood";"vegetal";"Scheuchl E., Willner W. 2016. Taschenlexikon der Wildbienen Europas. Quelle & Meyer Verlag Wiebelsheim. 920pp.";"Abeilles";444787
814874;"Megachile pyrenaica";"Lepeletier de Saint-Fargeau, 1841";NA;NA;NA;NA;NA;"Arthropoda";"Insecta";"Hymenoptera";"Megachilidae";"Megachilinae";"Megachilini";"Megachile";NA;NA;NA;"pebbles";"mineral";"Scheuchl E., Willner W. 2016. Taschenlexikon der Wildbienen Europas. Quelle & Meyer Verlag Wiebelsheim. 920pp.";"Abeilles";444787
814874;"Megachile pyrenaica";"Lepeletier de Saint-Fargeau, 1841";NA;NA;NA;NA;NA;"Arthropoda";"Insecta";"Hymenoptera";"Megachilidae";"Megachilinae";"Megachilini";"Megachile";NA;NA;NA;"sand";"mineral";"Scheuchl E., Willner W. 2016. Taschenlexikon der Wildbienen Europas. Quelle & Meyer Verlag Wiebelsheim. 920pp.";"Abeilles";444787
239930;"Megachile rotundata";"(Fabricius, 1787)";NA;NA;NA;NA;NA;"Arthropoda";"Insecta";"Hymenoptera";"Megachilidae";"Megachilinae";"Megachilini";"Megachile";NA;NA;NA;"leaves";"vegetal";"Scheuchl E., Willner W. 2016. Taschenlexikon der Wildbienen Europas. Quelle & Meyer Verlag Wiebelsheim. 920pp.";"Abeilles";444787
239930;"Megachile rotundata";"(Fabricius, 1787)";NA;NA;NA;NA;NA;"Arthropoda";"Insecta";"Hymenoptera";"Megachilidae";"Megachilinae";"Megachilini";"Megachile";NA;NA;NA;"leaves";"vegetal";"Gogala, A. 2014. Megachilid bees of Slovenia (Hymenoptera: Apoidea: Megachilidae). Scopolia, 80:1-195.";"Abeilles";447746
239930;"Megachile rotundata";"(Fabricius, 1787)";NA;NA;NA;NA;NA;"Arthropoda";"Insecta";"Hymenoptera";"Megachilidae";"Megachilinae";"Megachilini";"Megachile";NA;NA;NA;"petals";"vegetal";"Scheuchl E., Willner W. 2016. Taschenlexikon der Wildbienen Europas. Quelle & Meyer Verlag Wiebelsheim. 920pp.";"Abeilles";444787
239930;"Megachile rotundata";"(Fabricius, 1787)";NA;NA;NA;NA;NA;"Arthropoda";"Insecta";"Hymenoptera";"Megachilidae";"Megachilinae";"Megachilini";"Megachile";NA;NA;NA;"petals";"vegetal";"Gogala, A. 2014. Megachilid bees of Slovenia (Hymenoptera: Apoidea: Megachilidae). Scopolia, 80:1-195.";"Abeilles";447746
1021872;"Megachile argentata";"(Fabricius, 1793)";NA;NA;NA;NA;NA;"Arthropoda";"Insecta";"Hymenoptera";"Megachilidae";"Megachilinae";"Megachilini";"Megachile";NA;NA;NA;"leaves";"vegetal";"Benoist R., 1940. Remarques sur quelques espèces de Megachiles principalement de la faune française. Annales de la Societe Entomologique de France, 109 : 41-88.";"Abeilles";412674
707069;"Megachile sculpturalis";"Smith, 1853";NA;NA;NA;NA;NA;"Arthropoda";"Insecta";"Hymenoptera";"Megachilidae";"Megachilinae";"Megachilini";"Megachile";NA;NA;NA;"clay";"mineral";"Scheuchl E., Willner W. 2016. Taschenlexikon der Wildbienen Europas. Quelle & Meyer Verlag Wiebelsheim. 920pp.";"Abeilles";444787
707069;"Megachile sculpturalis";"Smith, 1853";NA;NA;NA;NA;NA;"Arthropoda";"Insecta";"Hymenoptera";"Megachilidae";"Megachilinae";"Megachilini";"Megachile";NA;NA;NA;"resin";"vegetal";"Scheuchl E., Willner W. 2016. Taschenlexikon der Wildbienen Europas. Quelle & Meyer Verlag Wiebelsheim. 920pp.";"Abeilles";444787
814881;"Megachile sicula";"(Rossi, 1792)";NA;NA;NA;NA;NA;"Arthropoda";"Insecta";"Hymenoptera";"Megachilidae";"Megachilinae";"Megachilini";"Megachile";NA;NA;NA;"soil";"mineral";"Praz, J. 2017. Subgeneric classification and biology of the leafcutter and dauber bees (genus Megachile Latreille) of the western Palearctic (Hymenoptera, Apoidea, Megachilidae). Journal of Hymenoptera Research, 55: 1-54.";"Abeilles";206740
239934;"Megachile versicolor";"Smith, 1844";NA;NA;NA;NA;NA;"Arthropoda";"Insecta";"Hymenoptera";"Megachilidae";"Megachilinae";"Megachilini";"Megachile";NA;NA;NA;"leaves";"vegetal";"Scheuchl E., Willner W. 2016. Taschenlexikon der Wildbienen Europas. Quelle & Meyer Verlag Wiebelsheim. 920pp.";"Abeilles";444787
53164;"Megachile willughbiella";"(Kirby, 1802)";NA;NA;NA;NA;NA;"Arthropoda";"Insecta";"Hymenoptera";"Megachilidae";"Megachilinae";"Megachilini";"Megachile";NA;NA;NA;"wood";"vegetal";"Scheuchl E., Willner W. 2016. Taschenlexikon der Wildbienen Europas. Quelle & Meyer Verlag Wiebelsheim. 920pp.";"Abeilles";444787
53164;"Megachile willughbiella";"(Kirby, 1802)";NA;NA;NA;NA;NA;"Arthropoda";"Insecta";"Hymenoptera";"Megachilidae";"Megachilinae";"Megachilini";"Megachile";NA;NA;NA;"leaves";"vegetal";"Scheuchl E., Willner W. 2016. Taschenlexikon der Wildbienen Europas. Quelle & Meyer Verlag Wiebelsheim. 920pp.";"Abeilles";444787
240048;"Osmia alticola";"Benoist, 1923";NA;NA;NA;NA;NA;"Arthropoda";"Insecta";"Hymenoptera";"Megachilidae";"Megachilinae";"Osmiini";"Osmia";NA;NA;NA;"leaves";"vegetal";"Scheuchl E., Willner W. 2016. Taschenlexikon der Wildbienen Europas. Quelle & Meyer Verlag Wiebelsheim. 920pp.";"Abeilles";444787
814897;"Osmia anceyi";"Perez, 1880";NA;NA;NA;NA;NA;"Arthropoda";"Insecta";"Hymenoptera";"Megachilidae";"Megachilinae";"Osmiini";"Osmia";NA;NA;NA;"clay";"mineral";"Scheuchl E., Willner W. 2016. Taschenlexikon der Wildbienen Europas. Quelle & Meyer Verlag Wiebelsheim. 920pp.";"Abeilles";444787
814897;"Osmia anceyi";"Perez, 1880";NA;NA;NA;NA;NA;"Arthropoda";"Insecta";"Hymenoptera";"Megachilidae";"Megachilinae";"Osmiini";"Osmia";NA;NA;NA;"leaves";"vegetal";"Scheuchl E., Willner W. 2016. Taschenlexikon der Wildbienen Europas. Quelle & Meyer Verlag Wiebelsheim. 920pp.";"Abeilles";444787
814897;"Osmia anceyi";"Perez, 1880";NA;NA;NA;NA;NA;"Arthropoda";"Insecta";"Hymenoptera";"Megachilidae";"Megachilinae";"Osmiini";"Osmia";NA;NA;NA;"plant particules";"vegetal";"Scheuchl E., Willner W. 2016. Taschenlexikon der Wildbienen Europas. Quelle & Meyer Verlag Wiebelsheim. 920pp.";"Abeilles";444787
53171;"Osmia andrenoides";"Spinola, 1807";NA;NA;NA;NA;NA;"Arthropoda";"Insecta";"Hymenoptera";"Megachilidae";"Megachilinae";"Osmiini";"Osmia";NA;NA;NA;"leaves";"vegetal";"Scheuchl E., Willner W. 2016. Taschenlexikon der Wildbienen Europas. Quelle & Meyer Verlag Wiebelsheim. 920pp.";"Abeilles";444787
53171;"Osmia andrenoides";"Spinola, 1807";NA;NA;NA;NA;NA;"Arthropoda";"Insecta";"Hymenoptera";"Megachilidae";"Megachilinae";"Osmiini";"Osmia";NA;NA;NA;"pebbles";"mineral";"Scheuchl E., Willner W. 2016. Taschenlexikon der Wildbienen Europas. Quelle & Meyer Verlag Wiebelsheim. 920pp.";"Abeilles";444787
53171;"Osmia andrenoides";"Spinola, 1807";NA;NA;NA;NA;NA;"Arthropoda";"Insecta";"Hymenoptera";"Megachilidae";"Megachilinae";"Osmiini";"Osmia";NA;NA;NA;"plant particules";"vegetal";"Scheuchl E., Willner W. 2016. Taschenlexikon der Wildbienen Europas. Quelle & Meyer Verlag Wiebelsheim. 920pp.";"Abeilles";444787
53171;"Osmia andrenoides";"Spinola, 1807";NA;NA;NA;NA;NA;"Arthropoda";"Insecta";"Hymenoptera";"Megachilidae";"Megachilinae";"Osmiini";"Osmia";NA;NA;NA;"soil";"mineral";"Scheuchl E., Willner W. 2016. Taschenlexikon der Wildbienen Europas. Quelle & Meyer Verlag Wiebelsheim. 920pp.";"Abeilles";444787
240049;"Osmia argyropyga";"Perez, 1880";NA;NA;NA;NA;NA;"Arthropoda";"Insecta";"Hymenoptera";"Megachilidae";"Megachilinae";"Osmiini";"Osmia";NA;NA;NA;"leaves";"vegetal";"Müller, A. 2018. Palaearctic Osmiine Bees. ETH Zürich. http://blogs.ethz.ch/osmiini";"Abeilles";444698
53172;"Osmia aurulenta";"(Panzer, 1799)";NA;NA;NA;NA;NA;"Arthropoda";"Insecta";"Hymenoptera";"Megachilidae";"Megachilinae";"Osmiini";"Osmia";NA;NA;NA;"leaves";"vegetal";"Scheuchl E., Willner W. 2016. Taschenlexikon der Wildbienen Europas. Quelle & Meyer Verlag Wiebelsheim. 920pp.";"Abeilles";444787
53173;"Osmia bicolor";"(Schrank, 1781)";NA;NA;NA;NA;NA;"Arthropoda";"Insecta";"Hymenoptera";"Megachilidae";"Megachilinae";"Osmiini";"Osmia";NA;NA;NA;"plant particules";"vegetal";"Scheuchl E., Willner W. 2016. Taschenlexikon der Wildbienen Europas. Quelle & Meyer Verlag Wiebelsheim. 920pp.";"Abeilles";444787
53173;"Osmia bicolor";"(Schrank, 1781)";NA;NA;NA;NA;NA;"Arthropoda";"Insecta";"Hymenoptera";"Megachilidae";"Megachilinae";"Osmiini";"Osmia";NA;NA;NA;"leaves";"vegetal";"Scheuchl E., Willner W. 2016. Taschenlexikon der Wildbienen Europas. Quelle & Meyer Verlag Wiebelsheim. 920pp.";"Abeilles";444787
53173;"Osmia bicolor";"(Schrank, 1781)";NA;NA;NA;NA;NA;"Arthropoda";"Insecta";"Hymenoptera";"Megachilidae";"Megachilinae";"Osmiini";"Osmia";NA;NA;NA;"soil";"mineral";"Scheuchl E., Willner W. 2016. Taschenlexikon der Wildbienen Europas. Quelle & Meyer Verlag Wiebelsheim. 920pp.";"Abeilles";444787
816756;"Osmia bicornis";"(Linnaeus, 1758)";NA;NA;NA;NA;NA;"Arthropoda";"Insecta";"Hymenoptera";"Megachilidae";"Megachilinae";"Osmiini";"Osmia";NA;NA;NA;"clay";"mineral";"Scheuchl E., Willner W. 2016. Taschenlexikon der Wildbienen Europas. Quelle & Meyer Verlag Wiebelsheim. 920pp.";"Abeilles";444787
816756;"Osmia bicornis";"(Linnaeus, 1758)";NA;NA;NA;NA;NA;"Arthropoda";"Insecta";"Hymenoptera";"Megachilidae";"Megachilinae";"Osmiini";"Osmia";NA;NA;NA;"soil";"mineral";"Scheuchl E., Willner W. 2016. Taschenlexikon der Wildbienen Europas. Quelle & Meyer Verlag Wiebelsheim. 920pp.";"Abeilles";444787
814900;"Osmia bidentata";"Morawitz, 1875";NA;NA;NA;NA;NA;"Arthropoda";"Insecta";"Hymenoptera";"Megachilidae";"Megachilinae";"Osmiini";"Osmia";NA;NA;NA;"clay";"mineral";"Scheuchl E., Willner W. 2016. Taschenlexikon der Wildbienen Europas. Quelle & Meyer Verlag Wiebelsheim. 920pp.";"Abeilles";444787
240050;"Osmia brevicornis";"(Fabricius, 1798)";NA;NA;NA;NA;NA;"Arthropoda";"Insecta";"Hymenoptera";"Megachilidae";"Megachilinae";"Osmiini";"Osmia";NA;NA;NA;"leaves";"vegetal";"Scheuchl E., Willner W. 2016. Taschenlexikon der Wildbienen Europas. Quelle & Meyer Verlag Wiebelsheim. 920pp.";"Abeilles";444787
53175;"Osmia caerulescens";"(Linnaeus, 1758)";NA;NA;NA;NA;NA;"Arthropoda";"Insecta";"Hymenoptera";"Megachilidae";"Megachilinae";"Osmiini";"Osmia";NA;NA;NA;"leaves";"vegetal";"Scheuchl E., Willner W. 2016. Taschenlexikon der Wildbienen Europas. Quelle & Meyer Verlag Wiebelsheim. 920pp.";"Abeilles";444787
240051;"Osmia cephalotes";"Morawitz, 1870";NA;NA;NA;NA;NA;"Arthropoda";"Insecta";"Hymenoptera";"Megachilidae";"Megachilinae";"Osmiini";"Osmia";NA;NA;NA;"leaves";"vegetal";"Müller, A. 2018. Palaearctic Osmiine Bees. ETH Zürich. http://blogs.ethz.ch/osmiini";"Abeilles";444698
240051;"Osmia cephalotes";"Morawitz, 1870";NA;NA;NA;NA;NA;"Arthropoda";"Insecta";"Hymenoptera";"Megachilidae";"Megachilinae";"Osmiini";"Osmia";NA;NA;NA;"petals";"vegetal";"Müller, A. 2018. Palaearctic Osmiine Bees. ETH Zürich. http://blogs.ethz.ch/osmiini";"Abeilles";444698
240051;"Osmia cephalotes";"Morawitz, 1870";NA;NA;NA;NA;NA;"Arthropoda";"Insecta";"Hymenoptera";"Megachilidae";"Megachilinae";"Osmiini";"Osmia";NA;NA;NA;"soil";"mineral";"Müller, A. 2018. Palaearctic Osmiine Bees. ETH Zürich. http://blogs.ethz.ch/osmiini";"Abeilles";444698
240052;"Osmia cerinthidis";"Morawitz, 1875";NA;NA;NA;NA;NA;"Arthropoda";"Insecta";"Hymenoptera";"Megachilidae";"Megachilinae";"Osmiini";"Osmia";NA;NA;NA;"soil";"mineral";"Scheuchl E., Willner W. 2016. Taschenlexikon der Wildbienen Europas. Quelle & Meyer Verlag Wiebelsheim. 920pp.";"Abeilles";444787
53176;"Osmia cornuta";"(Latreille, 1805)";NA;NA;NA;NA;NA;"Arthropoda";"Insecta";"Hymenoptera";"Megachilidae";"Megachilinae";"Osmiini";"Osmia";NA;NA;NA;"clay";"mineral";"Scheuchl E., Willner W. 2016. Taschenlexikon der Wildbienen Europas. Quelle & Meyer Verlag Wiebelsheim. 920pp.";"Abeilles";444787
53176;"Osmia cornuta";"(Latreille, 1805)";NA;NA;NA;NA;NA;"Arthropoda";"Insecta";"Hymenoptera";"Megachilidae";"Megachilinae";"Osmiini";"Osmia";NA;NA;NA;"soil";"mineral";"Scheuchl E., Willner W. 2016. Taschenlexikon der Wildbienen Europas. Quelle & Meyer Verlag Wiebelsheim. 920pp.";"Abeilles";444787
240054;"Osmia cyanoxantha";"Perez, 1880";NA;NA;NA;NA;NA;"Arthropoda";"Insecta";"Hymenoptera";"Megachilidae";"Megachilinae";"Osmiini";"Osmia";NA;NA;NA;"leaves";"vegetal";"Amiet, F., Herrmann, M., Müller, A., Neumeyer, R. 2004. Apidae 4: Anthidium, Chelostoma, Coelioxys, Dioxys, Heriades, Lithurgus, Megachile, Osmia, Stelis. Fauna Helvetica 9. 273 pp.";"Abeilles";444858
240055;"Osmia dimidiata";"Morawitz, 1870";NA;NA;NA;NA;NA;"Arthropoda";"Insecta";"Hymenoptera";"Megachilidae";"Megachilinae";"Osmiini";"Osmia";NA;NA;NA;"leaves";"vegetal";"Müller, A. 2018. Palaearctic Osmiine Bees. ETH Zürich. http://blogs.ethz.ch/osmiini";"Abeilles";444698
240056;"Osmia emarginata";"Lepeletier, 1841";NA;NA;NA;NA;NA;"Arthropoda";"Insecta";"Hymenoptera";"Megachilidae";"Megachilinae";"Osmiini";"Osmia";NA;NA;NA;"leaves";"vegetal";"Müller, A. 2018. Palaearctic Osmiine Bees. ETH Zürich. http://blogs.ethz.ch/osmiini";"Abeilles";444698
240057;"Osmia ferruginea";"Latreille, 1811";NA;NA;NA;NA;NA;"Arthropoda";"Insecta";"Hymenoptera";"Megachilidae";"Megachilinae";"Osmiini";"Osmia";NA;NA;NA;"leaves";"vegetal";"Müller, A. 2018. Palaearctic Osmiine Bees. ETH Zürich. http://blogs.ethz.ch/osmiini";"Abeilles";444698
240057;"Osmia ferruginea";"Latreille, 1811";NA;NA;NA;NA;NA;"Arthropoda";"Insecta";"Hymenoptera";"Megachilidae";"Megachilinae";"Osmiini";"Osmia";NA;NA;NA;"plant particules";"vegetal";"Müller, A. 2018. Palaearctic Osmiine Bees. ETH Zürich. http://blogs.ethz.ch/osmiini";"Abeilles";444698
240057;"Osmia ferruginea";"Latreille, 1811";NA;NA;NA;NA;NA;"Arthropoda";"Insecta";"Hymenoptera";"Megachilidae";"Megachilinae";"Osmiini";"Osmia";NA;NA;NA;"petals";"vegetal";"Müller, A. 2018. Palaearctic Osmiine Bees. ETH Zürich. http://blogs.ethz.ch/osmiini";"Abeilles";444698
53181;"Osmia gallarum";"Spinola, 1807";NA;NA;NA;NA;NA;"Arthropoda";"Insecta";"Hymenoptera";"Megachilidae";"Megachilinae";"Osmiini";"Osmia";NA;NA;NA;"leaves";"vegetal";"Scheuchl E., Willner W. 2016. Taschenlexikon der Wildbienen Europas. Quelle & Meyer Verlag Wiebelsheim. 920pp.";"Abeilles";444787
240060;"Osmia inermis";"(Zetterstedt, 1838)";NA;NA;NA;NA;NA;"Arthropoda";"Insecta";"Hymenoptera";"Megachilidae";"Megachilinae";"Osmiini";"Osmia";NA;NA;NA;"leaves";"vegetal";"Scheuchl E., Willner W. 2016. Taschenlexikon der Wildbienen Europas. Quelle & Meyer Verlag Wiebelsheim. 920pp.";"Abeilles";444787
240064;"Osmia latreillei";"(Spinola, 1806)";NA;NA;NA;NA;NA;"Arthropoda";"Insecta";"Hymenoptera";"Megachilidae";"Megachilinae";"Osmiini";"Osmia";NA;NA;NA;"leaves";"vegetal";"Scheuchl E., Willner W. 2016. Taschenlexikon der Wildbienen Europas. Quelle & Meyer Verlag Wiebelsheim. 920pp.";"Abeilles";444787
240065;"Osmia leaiana";"(Kirby, 1802)";NA;NA;NA;NA;NA;"Arthropoda";"Insecta";"Hymenoptera";"Megachilidae";"Megachilinae";"Osmiini";"Osmia";NA;NA;NA;"leaves";"vegetal";"Scheuchl E., Willner W. 2016. Taschenlexikon der Wildbienen Europas. Quelle & Meyer Verlag Wiebelsheim. 920pp.";"Abeilles";444787
814904;"Osmia ligurica";"Morawitz, 1868";NA;NA;NA;NA;NA;"Arthropoda";"Insecta";"Hymenoptera";"Megachilidae";"Megachilinae";"Osmiini";"Osmia";NA;NA;NA;"leaves";"vegetal";"Scheuchl E., Willner W. 2016. Taschenlexikon der Wildbienen Europas. Quelle & Meyer Verlag Wiebelsheim. 920pp.";"Abeilles";444787
240066;"Osmia lunata";"Benoist, 1928";NA;NA;NA;NA;NA;"Arthropoda";"Insecta";"Hymenoptera";"Megachilidae";"Megachilinae";"Osmiini";"Osmia";NA;NA;NA;"petals";"vegetal";"Müller, A. 2018. Palaearctic Osmiine Bees. ETH Zürich. http://blogs.ethz.ch/osmiini";"Abeilles";444698
240066;"Osmia lunata";"Benoist, 1928";NA;NA;NA;NA;NA;"Arthropoda";"Insecta";"Hymenoptera";"Megachilidae";"Megachilinae";"Osmiini";"Osmia";NA;NA;NA;"soil";"mineral";"Müller, A. 2018. Palaearctic Osmiine Bees. ETH Zürich. http://blogs.ethz.ch/osmiini";"Abeilles";444698
240067;"Osmia melanogaster";"Spinola, 1807";NA;NA;NA;NA;NA;"Arthropoda";"Insecta";"Hymenoptera";"Megachilidae";"Megachilinae";"Osmiini";"Osmia";NA;NA;NA;"leaves";"vegetal";"Scheuchl E., Willner W. 2016. Taschenlexikon der Wildbienen Europas. Quelle & Meyer Verlag Wiebelsheim. 920pp.";"Abeilles";444787
318412;"Osmia mustelina";"Gerstacker, 1869";NA;NA;NA;NA;NA;"Arthropoda";"Insecta";"Hymenoptera";"Megachilidae";"Megachilinae";"Osmiini";"Osmia";NA;NA;NA;"leaves";"vegetal";"Scheuchl E., Willner W. 2016. Taschenlexikon der Wildbienen Europas. Quelle & Meyer Verlag Wiebelsheim. 920pp.";"Abeilles";444787
240071;"Osmia nigriventris";"(Zetterstedt, 1838)";NA;NA;NA;NA;NA;"Arthropoda";"Insecta";"Hymenoptera";"Megachilidae";"Megachilinae";"Osmiini";"Osmia";NA;NA;NA;"leaves";"vegetal";"Scheuchl E., Willner W. 2016. Taschenlexikon der Wildbienen Europas. Quelle & Meyer Verlag Wiebelsheim. 920pp.";"Abeilles";444787
240072;"Osmia niveata";"(Fabricius, 1804)";NA;NA;NA;NA;NA;"Arthropoda";"Insecta";"Hymenoptera";"Megachilidae";"Megachilinae";"Osmiini";"Osmia";NA;NA;NA;"leaves";"vegetal";"Scheuchl E., Willner W. 2016. Taschenlexikon der Wildbienen Europas. Quelle & Meyer Verlag Wiebelsheim. 920pp.";"Abeilles";444787
240074;"Osmia parietina";"Curtis, 1828";NA;NA;NA;NA;NA;"Arthropoda";"Insecta";"Hymenoptera";"Megachilidae";"Megachilinae";"Osmiini";"Osmia";NA;NA;NA;"leaves";"vegetal";"Scheuchl E., Willner W. 2016. Taschenlexikon der Wildbienen Europas. Quelle & Meyer Verlag Wiebelsheim. 920pp.";"Abeilles";444787
53186;"Osmia rufohirta";"Latreille, 1811";NA;NA;NA;NA;NA;"Arthropoda";"Insecta";"Hymenoptera";"Megachilidae";"Megachilinae";"Osmiini";"Osmia";NA;NA;NA;"pebbles";"mineral";"Scheuchl E., Willner W. 2016. Taschenlexikon der Wildbienen Europas. Quelle & Meyer Verlag Wiebelsheim. 920pp.";"Abeilles";444787
318423;"Osmia saxicola";"Ducke, 1899";NA;NA;NA;NA;NA;"Arthropoda";"Insecta";"Hymenoptera";"Megachilidae";"Megachilinae";"Osmiini";"Osmia";NA;NA;NA;"leaves";"vegetal";"Müller, A. 2018. Palaearctic Osmiine Bees. ETH Zürich. http://blogs.ethz.ch/osmiini";"Abeilles";444698
318423;"Osmia saxicola";"Ducke, 1899";NA;NA;NA;NA;NA;"Arthropoda";"Insecta";"Hymenoptera";"Megachilidae";"Megachilinae";"Osmiini";"Osmia";NA;NA;NA;"petals";"vegetal";"Müller, A. 2018. Palaearctic Osmiine Bees. ETH Zürich. http://blogs.ethz.ch/osmiini";"Abeilles";444698
240077;"Osmia signata";"Erichson in Waltl, 1835";NA;NA;NA;NA;NA;"Arthropoda";"Insecta";"Hymenoptera";"Megachilidae";"Megachilinae";"Osmiini";"Osmia";NA;NA;NA;"leaves";"vegetal";"Vereecken, N., Niolu, P., Dufrêne, e. & Le goff, G. 2010. Observations sur les nids de deux chalicodomes et leurs occupants en Sardaigne (Italie). Osmia, 4: 15-19.";"Abeilles";447747
718484;"Osmia spinulosa";"(Kirby, 1802)";NA;NA;NA;NA;NA;"Arthropoda";"Insecta";"Hymenoptera";"Megachilidae";"Megachilinae";"Osmiini";"Osmia";NA;NA;NA;"leaves";"vegetal";"Scheuchl E., Willner W. 2016. Taschenlexikon der Wildbienen Europas. Quelle & Meyer Verlag Wiebelsheim. 920pp.";"Abeilles";444787
240078;"Osmia submicans";"Morawitz, 1870";NA;NA;NA;NA;NA;"Arthropoda";"Insecta";"Hymenoptera";"Megachilidae";"Megachilinae";"Osmiini";"Osmia";NA;NA;NA;"clay";"mineral";"Scheuchl E., Willner W. 2016. Taschenlexikon der Wildbienen Europas. Quelle & Meyer Verlag Wiebelsheim. 920pp.";"Abeilles";444787
240078;"Osmia submicans";"Morawitz, 1870";NA;NA;NA;NA;NA;"Arthropoda";"Insecta";"Hymenoptera";"Megachilidae";"Megachilinae";"Osmiini";"Osmia";NA;NA;NA;"sand";"mineral";"Scheuchl E., Willner W. 2016. Taschenlexikon der Wildbienen Europas. Quelle & Meyer Verlag Wiebelsheim. 920pp.";"Abeilles";444787
718487;"Osmia tergestensis";"Ducke, 1897";NA;NA;NA;NA;NA;"Arthropoda";"Insecta";"Hymenoptera";"Megachilidae";"Megachilinae";"Osmiini";"Osmia";NA;NA;NA;"clay";"mineral";"Scheuchl E., Willner W. 2016. Taschenlexikon der Wildbienen Europas. Quelle & Meyer Verlag Wiebelsheim. 920pp.";"Abeilles";444787
718487;"Osmia tergestensis";"Ducke, 1897";NA;NA;NA;NA;NA;"Arthropoda";"Insecta";"Hymenoptera";"Megachilidae";"Megachilinae";"Osmiini";"Osmia";NA;NA;NA;"pebbles";"mineral";"Scheuchl E., Willner W. 2016. Taschenlexikon der Wildbienen Europas. Quelle & Meyer Verlag Wiebelsheim. 920pp.";"Abeilles";444787
718487;"Osmia tergestensis";"Ducke, 1897";NA;NA;NA;NA;NA;"Arthropoda";"Insecta";"Hymenoptera";"Megachilidae";"Megachilinae";"Osmiini";"Osmia";NA;NA;NA;"leaves";"vegetal";"Scheuchl E., Willner W. 2016. Taschenlexikon der Wildbienen Europas. Quelle & Meyer Verlag Wiebelsheim. 920pp.";"Abeilles";444787
240079;"Osmia tricornis";"Latreille, 1811";NA;NA;NA;NA;NA;"Arthropoda";"Insecta";"Hymenoptera";"Megachilidae";"Megachilinae";"Osmiini";"Osmia";NA;NA;NA;"soil";"mineral";"Müller, A. 2018. Palaearctic Osmiine Bees. ETH Zürich. http://blogs.ethz.ch/osmiini";"Abeilles";444698
240081;"Osmia versicolor";"Latreille, 1811";NA;NA;NA;NA;NA;"Arthropoda";"Insecta";"Hymenoptera";"Megachilidae";"Megachilinae";"Osmiini";"Osmia";NA;NA;NA;"pebbles";"mineral";"Scheuchl E., Willner W. 2016. Taschenlexikon der Wildbienen Europas. Quelle & Meyer Verlag Wiebelsheim. 920pp.";"Abeilles";444787
240081;"Osmia versicolor";"Latreille, 1811";NA;NA;NA;NA;NA;"Arthropoda";"Insecta";"Hymenoptera";"Megachilidae";"Megachilinae";"Osmiini";"Osmia";NA;NA;NA;"leaves";"vegetal";"Scheuchl E., Willner W. 2016. Taschenlexikon der Wildbienen Europas. Quelle & Meyer Verlag Wiebelsheim. 920pp.";"Abeilles";444787
240081;"Osmia versicolor";"Latreille, 1811";NA;NA;NA;NA;NA;"Arthropoda";"Insecta";"Hymenoptera";"Megachilidae";"Megachilinae";"Osmiini";"Osmia";NA;NA;NA;"soil";"mineral";"Scheuchl E., Willner W. 2016. Taschenlexikon der Wildbienen Europas. Quelle & Meyer Verlag Wiebelsheim. 920pp.";"Abeilles";444787
240083;"Osmia viridana";"Morawitz, 1873";NA;NA;NA;NA;NA;"Arthropoda";"Insecta";"Hymenoptera";"Megachilidae";"Megachilinae";"Osmiini";"Osmia";NA;NA;NA;"pebbles";"mineral";"Scheuchl E., Willner W. 2016. Taschenlexikon der Wildbienen Europas. Quelle & Meyer Verlag Wiebelsheim. 920pp.";"Abeilles";444787
240083;"Osmia viridana";"Morawitz, 1873";NA;NA;NA;NA;NA;"Arthropoda";"Insecta";"Hymenoptera";"Megachilidae";"Megachilinae";"Osmiini";"Osmia";NA;NA;NA;"plant particules";"vegetal";"Scheuchl E., Willner W. 2016. Taschenlexikon der Wildbienen Europas. Quelle & Meyer Verlag Wiebelsheim. 920pp.";"Abeilles";444787
240083;"Osmia viridana";"Morawitz, 1873";NA;NA;NA;NA;NA;"Arthropoda";"Insecta";"Hymenoptera";"Megachilidae";"Megachilinae";"Osmiini";"Osmia";NA;NA;NA;"soil";"mineral";"Scheuchl E., Willner W. 2016. Taschenlexikon der Wildbienen Europas. Quelle & Meyer Verlag Wiebelsheim. 920pp.";"Abeilles";444787
240084;"Osmia xanthomelana";"(Kirby, 1802)";NA;NA;NA;NA;NA;"Arthropoda";"Insecta";"Hymenoptera";"Megachilidae";"Megachilinae";"Osmiini";"Osmia";NA;NA;NA;"pine needles";"vegetal";"Scheuchl E., Willner W. 2016. Taschenlexikon der Wildbienen Europas. Quelle & Meyer Verlag Wiebelsheim. 920pp.";"Abeilles";444787
240084;"Osmia xanthomelana";"(Kirby, 1802)";NA;NA;NA;NA;NA;"Arthropoda";"Insecta";"Hymenoptera";"Megachilidae";"Megachilinae";"Osmiini";"Osmia";NA;NA;NA;"grass";"vegetal";"Scheuchl E., Willner W. 2016. Taschenlexikon der Wildbienen Europas. Quelle & Meyer Verlag Wiebelsheim. 920pp.";"Abeilles";444787
240084;"Osmia xanthomelana";"(Kirby, 1802)";NA;NA;NA;NA;NA;"Arthropoda";"Insecta";"Hymenoptera";"Megachilidae";"Megachilinae";"Osmiini";"Osmia";NA;NA;NA;"roots";"vegetal";"Scheuchl E., Willner W. 2016. Taschenlexikon der Wildbienen Europas. Quelle & Meyer Verlag Wiebelsheim. 920pp.";"Abeilles";444787
240087;"Panurgus calcaratus";"(Scopoli, 1763)";NA;NA;NA;NA;NA;"Arthropoda";"Insecta";"Hymenoptera";"Andrenidae";"Panurginae";"Panurgini";"Panurgus";NA;NA;NA;"soil";"mineral";"Genoud D. 2016. Diversite des abeilles sauvages (Hymenoptera : Apoidea) de l'île de Porquerolles (France, Var), Sci. Rep. Port Cros national Park, 30: 95-143.";"Abeilles";444912
240088;"Panurgus canescens";"Latreille, 1811";NA;NA;NA;NA;NA;"Arthropoda";"Insecta";"Hymenoptera";"Andrenidae";"Panurginae";"Panurgini";"Panurgus";NA;NA;NA;"soil";"mineral";"Genoud D. 2016. Diversite des abeilles sauvages (Hymenoptera : Apoidea) de l'île de Porquerolles (France, Var), Sci. Rep. Port Cros national Park, 30: 95-143.";"Abeilles";444912
240091;"Panurgus dentipes";"Latreille, 1811";NA;NA;NA;NA;NA;"Arthropoda";"Insecta";"Hymenoptera";"Andrenidae";"Panurginae";"Panurgini";"Panurgus";NA;NA;NA;"soil";"mineral";"Genoud D. 2016. Diversite des abeilles sauvages (Hymenoptera : Apoidea) de l'île de Porquerolles (France, Var), Sci. Rep. Port Cros national Park, 30: 95-143.";"Abeilles";444912
240094;"Protosmia exenterata";"(Perez in Ferton, 1895)";NA;NA;NA;NA;NA;"Arthropoda";"Insecta";"Hymenoptera";"Megachilidae";"Megachilinae";"Osmiini";"Protosmia";NA;NA;NA;"resin";"vegetal";"Müller, A. 2018. Palaearctic Osmiine Bees. ETH Zürich. http://blogs.ethz.ch/osmiini";"Abeilles";444698
318473;"Protosmia glutinosa";"(Giraud, 1872)";NA;NA;NA;NA;NA;"Arthropoda";"Insecta";"Hymenoptera";"Megachilidae";"Megachilinae";"Osmiini";"Protosmia";NA;NA;NA;"resin";"vegetal";"Müller, A. 2018. Palaearctic Osmiine Bees. ETH Zürich. http://blogs.ethz.ch/osmiini";"Abeilles";444698
240099;"Pseudoanthidium melanurum";"(Klug, 1832)";NA;NA;NA;NA;NA;"Arthropoda";"Insecta";"Hymenoptera";"Megachilidae";"Megachilinae";"Anthidiini";"Pseudoanthidium";NA;NA;NA;"leaves";"vegetal";"Scheuchl E., Willner W. 2016. Taschenlexikon der Wildbienen Europas. Quelle & Meyer Verlag Wiebelsheim. 920pp.";"Abeilles";444787
808468;"Pseudoanthidium nanum";"(Mocsary, 1881)";NA;NA;NA;NA;NA;"Arthropoda";"Insecta";"Hymenoptera";"Megachilidae";"Megachilinae";"Anthidiini";"Pseudoanthidium";NA;NA;NA;"fibers";"vegetal";"Scheuchl E., Willner W. 2016. Taschenlexikon der Wildbienen Europas. Quelle & Meyer Verlag Wiebelsheim. 920pp.";"Abeilles";444787
808468;"Pseudoanthidium nanum";"(Mocsary, 1881)";NA;NA;NA;NA;NA;"Arthropoda";"Insecta";"Hymenoptera";"Megachilidae";"Megachilinae";"Anthidiini";"Pseudoanthidium";NA;NA;NA;"leaves";"vegetal";"Scheuchl E., Willner W. 2016. Taschenlexikon der Wildbienen Europas. Quelle & Meyer Verlag Wiebelsheim. 920pp.";"Abeilles";444787
240100;"Pseudoanthidium reticulatum";"(Mocsary, 1884)";NA;NA;NA;NA;NA;"Arthropoda";"Insecta";"Hymenoptera";"Megachilidae";"Megachilinae";"Anthidiini";"Pseudoanthidium";NA;NA;NA;"leaves";"vegetal";"Scheuchl E., Willner W. 2016. Taschenlexikon der Wildbienen Europas. Quelle & Meyer Verlag Wiebelsheim. 920pp.";"Abeilles";444787
814908;"Pseudoanthidium scapulare";"(Latreille, 1809)";NA;NA;NA;NA;NA;"Arthropoda";"Insecta";"Hymenoptera";"Megachilidae";"Megachilinae";"Anthidiini";"Pseudoanthidium";NA;NA;NA;"leaves";"vegetal";"Scheuchl E., Willner W. 2016. Taschenlexikon der Wildbienen Europas. Quelle & Meyer Verlag Wiebelsheim. 920pp.";"Abeilles";444787
240101;"Rhodanthidium caturigense";"(Giraud, 1863)";NA;NA;NA;NA;NA;"Arthropoda";"Insecta";"Hymenoptera";"Megachilidae";"Megachilinae";"Anthidiini";"Rhodanthidium";NA;NA;NA;"pebbles";"mineral";"Scheuchl E., Willner W. 2016. Taschenlexikon der Wildbienen Europas. Quelle & Meyer Verlag Wiebelsheim. 920pp.";"Abeilles";444787
240101;"Rhodanthidium caturigense";"(Giraud, 1863)";NA;NA;NA;NA;NA;"Arthropoda";"Insecta";"Hymenoptera";"Megachilidae";"Megachilinae";"Anthidiini";"Rhodanthidium";NA;NA;NA;"leaves";"vegetal";"Scheuchl E., Willner W. 2016. Taschenlexikon der Wildbienen Europas. Quelle & Meyer Verlag Wiebelsheim. 920pp.";"Abeilles";444787
240101;"Rhodanthidium caturigense";"(Giraud, 1863)";NA;NA;NA;NA;NA;"Arthropoda";"Insecta";"Hymenoptera";"Megachilidae";"Megachilinae";"Anthidiini";"Rhodanthidium";NA;NA;NA;"plant particules";"vegetal";"Scheuchl E., Willner W. 2016. Taschenlexikon der Wildbienen Europas. Quelle & Meyer Verlag Wiebelsheim. 920pp.";"Abeilles";444787
240101;"Rhodanthidium caturigense";"(Giraud, 1863)";NA;NA;NA;NA;NA;"Arthropoda";"Insecta";"Hymenoptera";"Megachilidae";"Megachilinae";"Anthidiini";"Rhodanthidium";NA;NA;NA;"resin";"vegetal";"Scheuchl E., Willner W. 2016. Taschenlexikon der Wildbienen Europas. Quelle & Meyer Verlag Wiebelsheim. 920pp.";"Abeilles";444787
240104;"Rhodanthidium septemdentatum";"(Latreille, 1809)";NA;NA;NA;NA;NA;"Arthropoda";"Insecta";"Hymenoptera";"Megachilidae";"Megachilinae";"Anthidiini";"Rhodanthidium";NA;NA;NA;"pebbles";"mineral";"Scheuchl E., Willner W. 2016. Taschenlexikon der Wildbienen Europas. Quelle & Meyer Verlag Wiebelsheim. 920pp.";"Abeilles";444787
240104;"Rhodanthidium septemdentatum";"(Latreille, 1809)";NA;NA;NA;NA;NA;"Arthropoda";"Insecta";"Hymenoptera";"Megachilidae";"Megachilinae";"Anthidiini";"Rhodanthidium";NA;NA;NA;"resin";"vegetal";"Scheuchl E., Willner W. 2016. Taschenlexikon der Wildbienen Europas. Quelle & Meyer Verlag Wiebelsheim. 920pp.";"Abeilles";444787
815229;"Trachusa byssina";"(Panzer, 1798)";NA;NA;NA;NA;NA;"Arthropoda";"Insecta";"Hymenoptera";"Megachilidae";"Megachilinae";"Anthidiini";"Trachusa";NA;NA;NA;"leaves";"vegetal";"Scheuchl E., Willner W. 2016. Taschenlexikon der Wildbienen Europas. Quelle & Meyer Verlag Wiebelsheim. 920pp.";"Abeilles";444787
815229;"Trachusa byssina";"(Panzer, 1798)";NA;NA;NA;NA;NA;"Arthropoda";"Insecta";"Hymenoptera";"Megachilidae";"Megachilinae";"Anthidiini";"Trachusa";NA;NA;NA;"resin";"vegetal";"Scheuchl E., Willner W. 2016. Taschenlexikon der Wildbienen Europas. Quelle & Meyer Verlag Wiebelsheim. 920pp.";"Abeilles";444787
240175;"Trachusa interrupta";"(Fabricius, 1781)";NA;NA;NA;NA;NA;"Arthropoda";"Insecta";"Hymenoptera";"Megachilidae";"Megachilinae";"Anthidiini";"Trachusa";NA;NA;NA;"leaves";"vegetal";"Scheuchl E., Willner W. 2016. Taschenlexikon der Wildbienen Europas. Quelle & Meyer Verlag Wiebelsheim. 920pp.";"Abeilles";444787
240175;"Trachusa interrupta";"(Fabricius, 1781)";NA;NA;NA;NA;NA;"Arthropoda";"Insecta";"Hymenoptera";"Megachilidae";"Megachilinae";"Anthidiini";"Trachusa";NA;NA;NA;"resin";"vegetal";"Scheuchl E., Willner W. 2016. Taschenlexikon der Wildbienen Europas. Quelle & Meyer Verlag Wiebelsheim. 920pp.";"Abeilles";444787
814909;"Trachusa laeviventris";"(Dours, 1873)";NA;NA;NA;NA;NA;"Arthropoda";"Insecta";"Hymenoptera";"Megachilidae";"Megachilinae";"Anthidiini";"Trachusa";NA;NA;NA;"leaves";"vegetal";"Bogusch, P. & Straka, J. 2014. Trachusa laeviventris (Europe assessment). The IUCN Red List of Threatened Species 2014: e.T19198943A21146488. Accessed on 28 February 2024. https://www.iucnredlist.org/fr/species/19198943/21146488";"Abeilles";444889
814909;"Trachusa laeviventris";"(Dours, 1873)";NA;NA;NA;NA;NA;"Arthropoda";"Insecta";"Hymenoptera";"Megachilidae";"Megachilinae";"Anthidiini";"Trachusa";NA;NA;NA;"resin";"vegetal";"Bogusch, P. & Straka, J. 2014. Trachusa laeviventris (Europe assessment). The IUCN Red List of Threatened Species 2014: e.T19198943A21146488. Accessed on 28 February 2024. https://www.iucnredlist.org/fr/species/19198943/21146488";"Abeilles";444889
240176;"Trachusa laticeps";"(Morawitz, 1873)";NA;NA;NA;NA;NA;"Arthropoda";"Insecta";"Hymenoptera";"Megachilidae";"Megachilinae";"Anthidiini";"Trachusa";NA;NA;NA;"resin";"vegetal";"Bogusch, P. & Straka, J. 2014. Trachusa laticeps (Europe assessment). The IUCN Red List of Threatened Species 2014: e.T19199855A21146493. Accessed on 14 March 2024.";"Abeilles";447748
240178;"Xylocopa iris";"(Christ, 1791)";NA;NA;NA;NA;NA;"Arthropoda";"Insecta";"Hymenoptera";"Apidae";"Xylocopinae";"Xylocopini";"Xylocopa";NA;NA;NA;"plant particules";"vegetal";"Scheuchl E., Willner W. 2016. Taschenlexikon der Wildbienen Europas. Quelle & Meyer Verlag Wiebelsheim. 920pp.";"Abeilles";444787
240179;"Xylocopa valga";"Gerstacker, 1872";NA;NA;NA;NA;NA;"Arthropoda";"Insecta";"Hymenoptera";"Apidae";"Xylocopinae";"Xylocopini";"Xylocopa";NA;NA;NA;"plant particules";"vegetal";"Scheuchl E., Willner W. 2016. Taschenlexikon der Wildbienen Europas. Quelle & Meyer Verlag Wiebelsheim. 920pp.";"Abeilles";444787
53198;"Xylocopa violacea";"(Linnaeus, 1758)";NA;NA;NA;NA;NA;"Arthropoda";"Insecta";"Hymenoptera";"Apidae";"Xylocopinae";"Xylocopini";"Xylocopa";NA;NA;NA;"plant particules";"vegetal";"Scheuchl E., Willner W. 2016. Taschenlexikon der Wildbienen Europas. Quelle & Meyer Verlag Wiebelsheim. 920pp.";"Abeilles";444787
