"CD_NOM";"LB_NOM";"LB_AUTHOR";"INHERITED_FROM";"LB_NOM_INHERITED_FROM";"LB_AUTEUR_INHERITED_FROM";"ORIGIN";"KINGDOM";"PHYLUM";"CLASS";"ORDER";"FAMILY";"SUBFAMILY";"TRIBE";"GENUS";"GROUP1_INPN";"GROUP2_INPN";"GROUP3_INPN";"SLOPE";"SOURCE";"DATASET_TITLE";"SOURCE_ID"
239292;"Amegilla quadrifasciata";"(Villers, 1789)";NA;NA;NA;NA;NA;"Arthropoda";"Insecta";"Hymenoptera";"Apidae";"Anthophorinae";NA;"Amegilla";NA;NA;NA;"horizontal";"Scheuchl E., Willner W. 2016. Taschenlexikon der Wildbienen Europas. Quelle & Meyer Verlag Wiebelsheim. 920pp.";"Abeilles";444787
239292;"Amegilla quadrifasciata";"(Villers, 1789)";NA;NA;NA;NA;NA;"Arthropoda";"Insecta";"Hymenoptera";"Apidae";"Anthophorinae";NA;"Amegilla";NA;NA;NA;"slightly inclined";"Scheuchl E., Willner W. 2016. Taschenlexikon der Wildbienen Europas. Quelle & Meyer Verlag Wiebelsheim. 920pp.";"Abeilles";444787
239313;"Andrena barbilabris";"(Kirby, 1802)";NA;NA;NA;NA;NA;"Arthropoda";"Insecta";"Hymenoptera";"Andrenidae";"Andreninae";NA;"Andrena";NA;NA;NA;"horizontal";"Scheuchl E., Willner W. 2016. Taschenlexikon der Wildbienen Europas. Quelle & Meyer Verlag Wiebelsheim. 920pp.";"Abeilles";444787
239313;"Andrena barbilabris";"(Kirby, 1802)";NA;NA;NA;NA;NA;"Arthropoda";"Insecta";"Hymenoptera";"Andrenidae";"Andreninae";NA;"Andrena";NA;NA;NA;"slightly inclined";"Scheuchl E., Willner W. 2016. Taschenlexikon der Wildbienen Europas. Quelle & Meyer Verlag Wiebelsheim. 920pp.";"Abeilles";444787
239316;"Andrena bimaculata";"(Kirby, 1802)";NA;NA;NA;NA;NA;"Arthropoda";"Insecta";"Hymenoptera";"Andrenidae";"Andreninae";NA;"Andrena";NA;NA;NA;"slightly inclined";"SwissBeeTeam. 2018. Atlas en ligne des abeilles sauvages de Suisse. InfoFauna. http://swisswildbee.ch.";"Abeilles";444815
239331;"Andrena combinata";"(Christ, 1791)";NA;NA;NA;NA;NA;"Arthropoda";"Insecta";"Hymenoptera";"Andrenidae";"Andreninae";NA;"Andrena";NA;NA;NA;"horizontal";"SwissBeeTeam. 2018. Atlas en ligne des abeilles sauvages de Suisse. InfoFauna. http://swisswildbee.ch.";"Abeilles";444815
239331;"Andrena combinata";"(Christ, 1791)";NA;NA;NA;NA;NA;"Arthropoda";"Insecta";"Hymenoptera";"Andrenidae";"Andreninae";NA;"Andrena";NA;NA;NA;"slightly inclined";"SwissBeeTeam. 2018. Atlas en ligne des abeilles sauvages de Suisse. InfoFauna. http://swisswildbee.ch.";"Abeilles";444815
239332;"Andrena congruens";"Schmiedeknecht, 1883";NA;NA;NA;NA;NA;"Arthropoda";"Insecta";"Hymenoptera";"Andrenidae";"Andreninae";NA;"Andrena";NA;NA;NA;"slightly inclined";"SwissBeeTeam. 2018. Atlas en ligne des abeilles sauvages de Suisse. InfoFauna. http://swisswildbee.ch.";"Abeilles";444815
239334;"Andrena curvungula";"C.G. Thomson, 1870";NA;NA;NA;NA;NA;"Arthropoda";"Insecta";"Hymenoptera";"Andrenidae";"Andreninae";NA;"Andrena";NA;NA;NA;"horizontal";"Scheuchl E., Willner W. 2016. Taschenlexikon der Wildbienen Europas. Quelle & Meyer Verlag Wiebelsheim. 920pp.";"Abeilles";444787
239334;"Andrena curvungula";"C.G. Thomson, 1870";NA;NA;NA;NA;NA;"Arthropoda";"Insecta";"Hymenoptera";"Andrenidae";"Andreninae";NA;"Andrena";NA;NA;NA;"very inclined";"Scheuchl E., Willner W. 2016. Taschenlexikon der Wildbienen Europas. Quelle & Meyer Verlag Wiebelsheim. 920pp.";"Abeilles";444787
239337;"Andrena denticulata";"(Kirby, 1802)";NA;NA;NA;NA;NA;"Arthropoda";"Insecta";"Hymenoptera";"Andrenidae";"Andreninae";NA;"Andrena";NA;NA;NA;"horizontal";"Scheuchl E., Willner W. 2016. Taschenlexikon der Wildbienen Europas. Quelle & Meyer Verlag Wiebelsheim. 920pp.";"Abeilles";444787
239338;"Andrena distinguenda";"Schenck, 1871";NA;NA;NA;NA;NA;"Arthropoda";"Insecta";"Hymenoptera";"Andrenidae";"Andreninae";NA;"Andrena";NA;NA;NA;"horizontal";"Scheuchl E., Willner W. 2016. Taschenlexikon der Wildbienen Europas. Quelle & Meyer Verlag Wiebelsheim. 920pp.";"Abeilles";444787
239338;"Andrena distinguenda";"Schenck, 1871";NA;NA;NA;NA;NA;"Arthropoda";"Insecta";"Hymenoptera";"Andrenidae";"Andreninae";NA;"Andrena";NA;NA;NA;"slightly inclined";"Scheuchl E., Willner W. 2016. Taschenlexikon der Wildbienen Europas. Quelle & Meyer Verlag Wiebelsheim. 920pp.";"Abeilles";444787
239339;"Andrena dorsata";"(Kirby, 1802)";NA;NA;NA;NA;NA;"Arthropoda";"Insecta";"Hymenoptera";"Andrenidae";"Andreninae";NA;"Andrena";NA;NA;NA;"horizontal";"Scheuchl E., Willner W. 2016. Taschenlexikon der Wildbienen Europas. Quelle & Meyer Verlag Wiebelsheim. 920pp.";"Abeilles";444787
239339;"Andrena dorsata";"(Kirby, 1802)";NA;NA;NA;NA;NA;"Arthropoda";"Insecta";"Hymenoptera";"Andrenidae";"Andreninae";NA;"Andrena";NA;NA;NA;"horizontal";"SwissBeeTeam. 2018. Atlas en ligne des abeilles sauvages de Suisse. InfoFauna. http://swisswildbee.ch.";"Abeilles";444815
239339;"Andrena dorsata";"(Kirby, 1802)";NA;NA;NA;NA;NA;"Arthropoda";"Insecta";"Hymenoptera";"Andrenidae";"Andreninae";NA;"Andrena";NA;NA;NA;"slightly inclined";"Scheuchl E., Willner W. 2016. Taschenlexikon der Wildbienen Europas. Quelle & Meyer Verlag Wiebelsheim. 920pp.";"Abeilles";444787
239339;"Andrena dorsata";"(Kirby, 1802)";NA;NA;NA;NA;NA;"Arthropoda";"Insecta";"Hymenoptera";"Andrenidae";"Andreninae";NA;"Andrena";NA;NA;NA;"slightly inclined";"SwissBeeTeam. 2018. Atlas en ligne des abeilles sauvages de Suisse. InfoFauna. http://swisswildbee.ch.";"Abeilles";444815
239343;"Andrena falsifica";"Perkins, 1915";NA;NA;NA;NA;NA;"Arthropoda";"Insecta";"Hymenoptera";"Andrenidae";"Andreninae";NA;"Andrena";NA;NA;NA;"horizontal";"Scheuchl E., Willner W. 2016. Taschenlexikon der Wildbienen Europas. Quelle & Meyer Verlag Wiebelsheim. 920pp.";"Abeilles";444787
239343;"Andrena falsifica";"Perkins, 1915";NA;NA;NA;NA;NA;"Arthropoda";"Insecta";"Hymenoptera";"Andrenidae";"Andreninae";NA;"Andrena";NA;NA;NA;"slightly inclined";"Scheuchl E., Willner W. 2016. Taschenlexikon der Wildbienen Europas. Quelle & Meyer Verlag Wiebelsheim. 920pp.";"Abeilles";444787
239347;"Andrena flavipes";"Panzer, 1799";NA;NA;NA;NA;NA;"Arthropoda";"Insecta";"Hymenoptera";"Andrenidae";"Andreninae";NA;"Andrena";NA;NA;NA;"horizontal";"Scheuchl E., Willner W. 2016. Taschenlexikon der Wildbienen Europas. Quelle & Meyer Verlag Wiebelsheim. 920pp.";"Abeilles";444787
239348;"Andrena florea";"Fabricius, 1793";NA;NA;NA;NA;NA;"Arthropoda";"Insecta";"Hymenoptera";"Andrenidae";"Andreninae";NA;"Andrena";NA;NA;NA;"horizontal";"Scheuchl E., Willner W. 2016. Taschenlexikon der Wildbienen Europas. Quelle & Meyer Verlag Wiebelsheim. 920pp.";"Abeilles";444787
239348;"Andrena florea";"Fabricius, 1793";NA;NA;NA;NA;NA;"Arthropoda";"Insecta";"Hymenoptera";"Andrenidae";"Andreninae";NA;"Andrena";NA;NA;NA;"slightly inclined";"Scheuchl E., Willner W. 2016. Taschenlexikon der Wildbienen Europas. Quelle & Meyer Verlag Wiebelsheim. 920pp.";"Abeilles";444787
239350;"Andrena florivaga";"Eversmann, 1852";NA;NA;NA;NA;NA;"Arthropoda";"Insecta";"Hymenoptera";"Andrenidae";"Andreninae";NA;"Andrena";NA;NA;NA;"horizontal";"Scheuchl E., Willner W. 2016. Taschenlexikon der Wildbienen Europas. Quelle & Meyer Verlag Wiebelsheim. 920pp.";"Abeilles";444787
239350;"Andrena florivaga";"Eversmann, 1852";NA;NA;NA;NA;NA;"Arthropoda";"Insecta";"Hymenoptera";"Andrenidae";"Andreninae";NA;"Andrena";NA;NA;NA;"slightly inclined";"Scheuchl E., Willner W. 2016. Taschenlexikon der Wildbienen Europas. Quelle & Meyer Verlag Wiebelsheim. 920pp.";"Abeilles";444787
53079;"Andrena fulva";"(Muller, 1766)";NA;NA;NA;NA;NA;"Arthropoda";"Insecta";"Hymenoptera";"Andrenidae";"Andreninae";NA;"Andrena";NA;NA;NA;"horizontal";"Scheuchl E., Willner W. 2016. Taschenlexikon der Wildbienen Europas. Quelle & Meyer Verlag Wiebelsheim. 920pp.";"Abeilles";444787
239352;"Andrena fulvago";"(Christ, 1791)";NA;NA;NA;NA;NA;"Arthropoda";"Insecta";"Hymenoptera";"Andrenidae";"Andreninae";NA;"Andrena";NA;NA;NA;"horizontal";"Scheuchl E., Willner W. 2016. Taschenlexikon der Wildbienen Europas. Quelle & Meyer Verlag Wiebelsheim. 920pp.";"Abeilles";444787
239352;"Andrena fulvago";"(Christ, 1791)";NA;NA;NA;NA;NA;"Arthropoda";"Insecta";"Hymenoptera";"Andrenidae";"Andreninae";NA;"Andrena";NA;NA;NA;"slightly inclined";"Scheuchl E., Willner W. 2016. Taschenlexikon der Wildbienen Europas. Quelle & Meyer Verlag Wiebelsheim. 920pp.";"Abeilles";444787
239353;"Andrena fulvata";"Stoeckhert, 1930";NA;NA;NA;NA;NA;"Arthropoda";"Insecta";"Hymenoptera";"Andrenidae";"Andreninae";NA;"Andrena";NA;NA;NA;"horizontal";"Scheuchl E., Willner W. 2016. Taschenlexikon der Wildbienen Europas. Quelle & Meyer Verlag Wiebelsheim. 920pp.";"Abeilles";444787
814736;"Andrena fulvicornis";"Schenck, 1861";NA;NA;NA;NA;NA;"Arthropoda";"Insecta";"Hymenoptera";"Andrenidae";"Andreninae";NA;"Andrena";NA;NA;NA;"horizontal";"SwissBeeTeam. 2018. Atlas en ligne des abeilles sauvages de Suisse. InfoFauna. http://swisswildbee.ch.";"Abeilles";444815
814736;"Andrena fulvicornis";"Schenck, 1861";NA;NA;NA;NA;NA;"Arthropoda";"Insecta";"Hymenoptera";"Andrenidae";"Andreninae";NA;"Andrena";NA;NA;NA;"slightly inclined";"SwissBeeTeam. 2018. Atlas en ligne des abeilles sauvages de Suisse. InfoFauna. http://swisswildbee.ch.";"Abeilles";444815
239354;"Andrena fulvida";"Schenck, 1853";NA;NA;NA;NA;NA;"Arthropoda";"Insecta";"Hymenoptera";"Andrenidae";"Andreninae";NA;"Andrena";NA;NA;NA;"horizontal";"Kocourek, M.,1966. Prodromus der Hymenopteren der Tschechoslowakei. Pars 9: Apoidea, 1. Acta Faunistica Entomologica Musei Nationalis Pragae, Supplementum 2, 12 : 1–122.";"Abeilles";444665
239354;"Andrena fulvida";"Schenck, 1853";NA;NA;NA;NA;NA;"Arthropoda";"Insecta";"Hymenoptera";"Andrenidae";"Andreninae";NA;"Andrena";NA;NA;NA;"slightly inclined";"Kocourek, M.,1966. Prodromus der Hymenopteren der Tschechoslowakei. Pars 9: Apoidea, 1. Acta Faunistica Entomologica Musei Nationalis Pragae, Supplementum 2, 12 : 1–122.";"Abeilles";444665
239355;"Andrena fuscipes";"(Kirby, 1802)";NA;NA;NA;NA;NA;"Arthropoda";"Insecta";"Hymenoptera";"Andrenidae";"Andreninae";NA;"Andrena";NA;NA;NA;"horizontal";"Scheuchl E., Willner W. 2016. Taschenlexikon der Wildbienen Europas. Quelle & Meyer Verlag Wiebelsheim. 920pp.";"Abeilles";444787
239356;"Andrena fuscosa";"Erichson in Waltl, 1835";NA;NA;NA;NA;NA;"Arthropoda";"Insecta";"Hymenoptera";"Andrenidae";"Andreninae";NA;"Andrena";NA;NA;NA;"horizontal";"Scheuchl E., Willner W. 2016. Taschenlexikon der Wildbienen Europas. Quelle & Meyer Verlag Wiebelsheim. 920pp.";"Abeilles";444787
239356;"Andrena fuscosa";"Erichson in Waltl, 1835";NA;NA;NA;NA;NA;"Arthropoda";"Insecta";"Hymenoptera";"Andrenidae";"Andreninae";NA;"Andrena";NA;NA;NA;"slightly inclined";"Scheuchl E., Willner W. 2016. Taschenlexikon der Wildbienen Europas. Quelle & Meyer Verlag Wiebelsheim. 920pp.";"Abeilles";444787
239358;"Andrena gelriae";"van der Vecht, 1927";NA;NA;NA;NA;NA;"Arthropoda";"Insecta";"Hymenoptera";"Andrenidae";"Andreninae";NA;"Andrena";NA;NA;NA;"slightly inclined";"Scheuchl E., Willner W. 2016. Taschenlexikon der Wildbienen Europas. Quelle & Meyer Verlag Wiebelsheim. 920pp.";"Abeilles";444787
239360;"Andrena gravida";"Imhoff, 1832";NA;NA;NA;NA;NA;"Arthropoda";"Insecta";"Hymenoptera";"Andrenidae";"Andreninae";NA;"Andrena";NA;NA;NA;"horizontal";"Scheuchl E., Willner W. 2016. Taschenlexikon der Wildbienen Europas. Quelle & Meyer Verlag Wiebelsheim. 920pp.";"Abeilles";444787
239362;"Andrena haemorrhoa";"(Fabricius, 1781)";NA;NA;NA;NA;NA;"Arthropoda";"Insecta";"Hymenoptera";"Andrenidae";"Andreninae";NA;"Andrena";NA;NA;NA;"horizontal";"Scheuchl E., Willner W. 2016. Taschenlexikon der Wildbienen Europas. Quelle & Meyer Verlag Wiebelsheim. 920pp.";"Abeilles";444787
239362;"Andrena haemorrhoa";"(Fabricius, 1781)";NA;NA;NA;NA;NA;"Arthropoda";"Insecta";"Hymenoptera";"Andrenidae";"Andreninae";NA;"Andrena";NA;NA;NA;"horizontal";"SwissBeeTeam. 2018. Atlas en ligne des abeilles sauvages de Suisse. InfoFauna. http://swisswildbee.ch.";"Abeilles";444815
239362;"Andrena haemorrhoa";"(Fabricius, 1781)";NA;NA;NA;NA;NA;"Arthropoda";"Insecta";"Hymenoptera";"Andrenidae";"Andreninae";NA;"Andrena";NA;NA;NA;"slightly inclined";"Scheuchl E., Willner W. 2016. Taschenlexikon der Wildbienen Europas. Quelle & Meyer Verlag Wiebelsheim. 920pp.";"Abeilles";444787
239362;"Andrena haemorrhoa";"(Fabricius, 1781)";NA;NA;NA;NA;NA;"Arthropoda";"Insecta";"Hymenoptera";"Andrenidae";"Andreninae";NA;"Andrena";NA;NA;NA;"slightly inclined";"SwissBeeTeam. 2018. Atlas en ligne des abeilles sauvages de Suisse. InfoFauna. http://swisswildbee.ch.";"Abeilles";444815
239363;"Andrena hattorfiana";"(Fabricius, 1775)";NA;NA;NA;NA;NA;"Arthropoda";"Insecta";"Hymenoptera";"Andrenidae";"Andreninae";NA;"Andrena";NA;NA;NA;"horizontal";"Scheuchl E., Willner W. 2016. Taschenlexikon der Wildbienen Europas. Quelle & Meyer Verlag Wiebelsheim. 920pp.";"Abeilles";444787
239369;"Andrena hypopolia";"Schmiedeknecht, 1883";NA;NA;NA;NA;NA;"Arthropoda";"Insecta";"Hymenoptera";"Andrenidae";"Andreninae";NA;"Andrena";NA;NA;NA;"horizontal";"Scheuchl E., Willner W. 2016. Taschenlexikon der Wildbienen Europas. Quelle & Meyer Verlag Wiebelsheim. 920pp.";"Abeilles";444787
239371;"Andrena impunctata";"Perez, 1895";NA;NA;NA;NA;NA;"Arthropoda";"Insecta";"Hymenoptera";"Andrenidae";"Andreninae";NA;"Andrena";NA;NA;NA;"horizontal";"Scheuchl E., Willner W. 2016. Taschenlexikon der Wildbienen Europas. Quelle & Meyer Verlag Wiebelsheim. 920pp.";"Abeilles";444787
239374;"Andrena labialis";"(Kirby, 1802)";NA;NA;NA;NA;NA;"Arthropoda";"Insecta";"Hymenoptera";"Andrenidae";"Andreninae";NA;"Andrena";NA;NA;NA;"horizontal";"Scheuchl E., Willner W. 2016. Taschenlexikon der Wildbienen Europas. Quelle & Meyer Verlag Wiebelsheim. 920pp.";"Abeilles";444787
239374;"Andrena labialis";"(Kirby, 1802)";NA;NA;NA;NA;NA;"Arthropoda";"Insecta";"Hymenoptera";"Andrenidae";"Andreninae";NA;"Andrena";NA;NA;NA;"horizontal";"SwissBeeTeam. 2018. Atlas en ligne des abeilles sauvages de Suisse. InfoFauna. http://swisswildbee.ch.";"Abeilles";444815
239374;"Andrena labialis";"(Kirby, 1802)";NA;NA;NA;NA;NA;"Arthropoda";"Insecta";"Hymenoptera";"Andrenidae";"Andreninae";NA;"Andrena";NA;NA;NA;"slightly inclined";"Scheuchl E., Willner W. 2016. Taschenlexikon der Wildbienen Europas. Quelle & Meyer Verlag Wiebelsheim. 920pp.";"Abeilles";444787
239374;"Andrena labialis";"(Kirby, 1802)";NA;NA;NA;NA;NA;"Arthropoda";"Insecta";"Hymenoptera";"Andrenidae";"Andreninae";NA;"Andrena";NA;NA;NA;"slightly inclined";"SwissBeeTeam. 2018. Atlas en ligne des abeilles sauvages de Suisse. InfoFauna. http://swisswildbee.ch.";"Abeilles";444815
239375;"Andrena labiata";"Fabricius, 1781";NA;NA;NA;NA;NA;"Arthropoda";"Insecta";"Hymenoptera";"Andrenidae";"Andreninae";NA;"Andrena";NA;NA;NA;"horizontal";"Scheuchl E., Willner W. 2016. Taschenlexikon der Wildbienen Europas. Quelle & Meyer Verlag Wiebelsheim. 920pp.";"Abeilles";444787
239377;"Andrena lapponica";"Zetterstedt, 1838";NA;NA;NA;NA;NA;"Arthropoda";"Insecta";"Hymenoptera";"Andrenidae";"Andreninae";NA;"Andrena";NA;NA;NA;"horizontal";"Scheuchl E., Willner W. 2016. Taschenlexikon der Wildbienen Europas. Quelle & Meyer Verlag Wiebelsheim. 920pp.";"Abeilles";444787
239378;"Andrena lathyri";"Alfken, 1899";NA;NA;NA;NA;NA;"Arthropoda";"Insecta";"Hymenoptera";"Andrenidae";"Andreninae";NA;"Andrena";NA;NA;NA;"horizontal";"Scheuchl E., Willner W. 2016. Taschenlexikon der Wildbienen Europas. Quelle & Meyer Verlag Wiebelsheim. 920pp.";"Abeilles";444787
239385;"Andrena marginata";"Fabricius, 1777";NA;NA;NA;NA;NA;"Arthropoda";"Insecta";"Hymenoptera";"Andrenidae";"Andreninae";NA;"Andrena";NA;NA;NA;"horizontal";"Scheuchl E., Willner W. 2016. Taschenlexikon der Wildbienen Europas. Quelle & Meyer Verlag Wiebelsheim. 920pp.";"Abeilles";444787
239388;"Andrena minutuloides";"Perkins, 1914";NA;NA;NA;NA;NA;"Arthropoda";"Insecta";"Hymenoptera";"Andrenidae";"Andreninae";NA;"Andrena";NA;NA;NA;"horizontal";"Scheuchl E., Willner W. 2016. Taschenlexikon der Wildbienen Europas. Quelle & Meyer Verlag Wiebelsheim. 920pp.";"Abeilles";444787
239389;"Andrena mitis";"Schmiedeknecht, 1883";NA;NA;NA;NA;NA;"Arthropoda";"Insecta";"Hymenoptera";"Andrenidae";"Andreninae";NA;"Andrena";NA;NA;NA;"horizontal";"Scheuchl E., Willner W. 2016. Taschenlexikon der Wildbienen Europas. Quelle & Meyer Verlag Wiebelsheim. 920pp.";"Abeilles";444787
815151;"Andrena nigroaenea";"(Kirby, 1802)";NA;NA;NA;NA;NA;"Arthropoda";"Insecta";"Hymenoptera";"Andrenidae";"Andreninae";NA;"Andrena";NA;NA;NA;"horizontal";"SwissBeeTeam. 2018. Atlas en ligne des abeilles sauvages de Suisse. InfoFauna. http://swisswildbee.ch.";"Abeilles";444815
815151;"Andrena nigroaenea";"(Kirby, 1802)";NA;NA;NA;NA;NA;"Arthropoda";"Insecta";"Hymenoptera";"Andrenidae";"Andreninae";NA;"Andrena";NA;NA;NA;"slightly inclined";"SwissBeeTeam. 2018. Atlas en ligne des abeilles sauvages de Suisse. InfoFauna. http://swisswildbee.ch.";"Abeilles";444815
239396;"Andrena nigroolivacea";"Dours, 1873";NA;NA;NA;NA;NA;"Arthropoda";"Insecta";"Hymenoptera";"Andrenidae";"Andreninae";NA;"Andrena";NA;NA;NA;"horizontal";"Scheuchl E., Willner W. 2016. Taschenlexikon der Wildbienen Europas. Quelle & Meyer Verlag Wiebelsheim. 920pp.";"Abeilles";444787
239396;"Andrena nigroolivacea";"Dours, 1873";NA;NA;NA;NA;NA;"Arthropoda";"Insecta";"Hymenoptera";"Andrenidae";"Andreninae";NA;"Andrena";NA;NA;NA;"slightly inclined";"Scheuchl E., Willner W. 2016. Taschenlexikon der Wildbienen Europas. Quelle & Meyer Verlag Wiebelsheim. 920pp.";"Abeilles";444787
239399;"Andrena nitida";"(Muller, 1776)";NA;NA;NA;NA;NA;"Arthropoda";"Insecta";"Hymenoptera";"Andrenidae";"Andreninae";NA;"Andrena";NA;NA;NA;"horizontal";"Scheuchl E., Willner W. 2016. Taschenlexikon der Wildbienen Europas. Quelle & Meyer Verlag Wiebelsheim. 920pp.";"Abeilles";444787
239401;"Andrena nitidiuscula";"Schenck, 1853";NA;NA;NA;NA;NA;"Arthropoda";"Insecta";"Hymenoptera";"Andrenidae";"Andreninae";NA;"Andrena";NA;NA;NA;"horizontal";"Scheuchl E., Willner W. 2016. Taschenlexikon der Wildbienen Europas. Quelle & Meyer Verlag Wiebelsheim. 920pp.";"Abeilles";444787
239404;"Andrena nuptialis";"Perez, 1902";NA;NA;NA;NA;NA;"Arthropoda";"Insecta";"Hymenoptera";"Andrenidae";"Andreninae";NA;"Andrena";NA;NA;NA;"very inclined";"Scheuchl E., Willner W. 2016. Taschenlexikon der Wildbienen Europas. Quelle & Meyer Verlag Wiebelsheim. 920pp.";"Abeilles";444787
239404;"Andrena nuptialis";"Perez, 1902";NA;NA;NA;NA;NA;"Arthropoda";"Insecta";"Hymenoptera";"Andrenidae";"Andreninae";NA;"Andrena";NA;NA;NA;"very inclined";"SwissBeeTeam. 2018. Atlas en ligne des abeilles sauvages de Suisse. InfoFauna. http://swisswildbee.ch.";"Abeilles";444815
239405;"Andrena nycthemera";"Imhoff, 1868";NA;NA;NA;NA;NA;"Arthropoda";"Insecta";"Hymenoptera";"Andrenidae";"Andreninae";NA;"Andrena";NA;NA;NA;"horizontal";"Scheuchl E., Willner W. 2016. Taschenlexikon der Wildbienen Europas. Quelle & Meyer Verlag Wiebelsheim. 920pp.";"Abeilles";444787
239405;"Andrena nycthemera";"Imhoff, 1868";NA;NA;NA;NA;NA;"Arthropoda";"Insecta";"Hymenoptera";"Andrenidae";"Andreninae";NA;"Andrena";NA;NA;NA;"very inclined";"Scheuchl E., Willner W. 2016. Taschenlexikon der Wildbienen Europas. Quelle & Meyer Verlag Wiebelsheim. 920pp.";"Abeilles";444787
239407;"Andrena ovatula";"(Kirby, 1802)";NA;NA;NA;NA;NA;"Arthropoda";"Insecta";"Hymenoptera";"Andrenidae";"Andreninae";NA;"Andrena";NA;NA;NA;"horizontal";"Scheuchl E., Willner W. 2016. Taschenlexikon der Wildbienen Europas. Quelle & Meyer Verlag Wiebelsheim. 920pp.";"Abeilles";444787
239407;"Andrena ovatula";"(Kirby, 1802)";NA;NA;NA;NA;NA;"Arthropoda";"Insecta";"Hymenoptera";"Andrenidae";"Andreninae";NA;"Andrena";NA;NA;NA;"horizontal";"SwissBeeTeam. 2018. Atlas en ligne des abeilles sauvages de Suisse. InfoFauna. http://swisswildbee.ch.";"Abeilles";444815
239407;"Andrena ovatula";"(Kirby, 1802)";NA;NA;NA;NA;NA;"Arthropoda";"Insecta";"Hymenoptera";"Andrenidae";"Andreninae";NA;"Andrena";NA;NA;NA;"slightly inclined";"Scheuchl E., Willner W. 2016. Taschenlexikon der Wildbienen Europas. Quelle & Meyer Verlag Wiebelsheim. 920pp.";"Abeilles";444787
239407;"Andrena ovatula";"(Kirby, 1802)";NA;NA;NA;NA;NA;"Arthropoda";"Insecta";"Hymenoptera";"Andrenidae";"Andreninae";NA;"Andrena";NA;NA;NA;"slightly inclined";"SwissBeeTeam. 2018. Atlas en ligne des abeilles sauvages de Suisse. InfoFauna. http://swisswildbee.ch.";"Abeilles";444815
239412;"Andrena paucisquama";"Noskiewicz, 1924";NA;NA;NA;NA;NA;"Arthropoda";"Insecta";"Hymenoptera";"Andrenidae";"Andreninae";NA;"Andrena";NA;NA;NA;"horizontal";"Scheuchl E., Willner W. 2016. Taschenlexikon der Wildbienen Europas. Quelle & Meyer Verlag Wiebelsheim. 920pp.";"Abeilles";444787
239414;"Andrena pilipes";"Fabricius, 1781";NA;NA;NA;NA;NA;"Arthropoda";"Insecta";"Hymenoptera";"Andrenidae";"Andreninae";NA;"Andrena";NA;NA;NA;"horizontal";"SwissBeeTeam. 2018. Atlas en ligne des abeilles sauvages de Suisse. InfoFauna. http://swisswildbee.ch.";"Abeilles";444815
239415;"Andrena polita";"Smith, 1847";NA;NA;NA;NA;NA;"Arthropoda";"Insecta";"Hymenoptera";"Andrenidae";"Andreninae";NA;"Andrena";NA;NA;NA;"horizontal";"Scheuchl E., Willner W. 2016. Taschenlexikon der Wildbienen Europas. Quelle & Meyer Verlag Wiebelsheim. 920pp.";"Abeilles";444787
239415;"Andrena polita";"Smith, 1847";NA;NA;NA;NA;NA;"Arthropoda";"Insecta";"Hymenoptera";"Andrenidae";"Andreninae";NA;"Andrena";NA;NA;NA;"slightly inclined";"Scheuchl E., Willner W. 2016. Taschenlexikon der Wildbienen Europas. Quelle & Meyer Verlag Wiebelsheim. 920pp.";"Abeilles";444787
239416;"Andrena potentillae";"Panzer, 1808";NA;NA;NA;NA;NA;"Arthropoda";"Insecta";"Hymenoptera";"Andrenidae";"Andreninae";NA;"Andrena";NA;NA;NA;"horizontal";"Scheuchl E., Willner W. 2016. Taschenlexikon der Wildbienen Europas. Quelle & Meyer Verlag Wiebelsheim. 920pp.";"Abeilles";444787
239417;"Andrena praecox";"(Scopoli, 1763)";NA;NA;NA;NA;NA;"Arthropoda";"Insecta";"Hymenoptera";"Andrenidae";"Andreninae";NA;"Andrena";NA;NA;NA;"horizontal";"Scheuchl E., Willner W. 2016. Taschenlexikon der Wildbienen Europas. Quelle & Meyer Verlag Wiebelsheim. 920pp.";"Abeilles";444787
718531;"Andrena propinqua";"Schenck, 1853";NA;NA;NA;NA;NA;"Arthropoda";"Insecta";"Hymenoptera";"Andrenidae";"Andreninae";NA;"Andrena";NA;NA;NA;"horizontal";"Scheuchl E., Willner W. 2016. Taschenlexikon der Wildbienen Europas. Quelle & Meyer Verlag Wiebelsheim. 920pp.";"Abeilles";444787
239418;"Andrena proxima";"(Kirby, 1802)";NA;NA;NA;NA;NA;"Arthropoda";"Insecta";"Hymenoptera";"Andrenidae";"Andreninae";NA;"Andrena";NA;NA;NA;"horizontal";"Scheuchl E., Willner W. 2016. Taschenlexikon der Wildbienen Europas. Quelle & Meyer Verlag Wiebelsheim. 920pp.";"Abeilles";444787
239419;"Andrena pusilla";"Perez, 1903";NA;NA;NA;NA;NA;"Arthropoda";"Insecta";"Hymenoptera";"Andrenidae";"Andreninae";NA;"Andrena";NA;NA;NA;"horizontal";"Scheuchl E., Willner W. 2016. Taschenlexikon der Wildbienen Europas. Quelle & Meyer Verlag Wiebelsheim. 920pp.";"Abeilles";444787
239422;"Andrena rhenana";"Stoeckhert, 1930";NA;NA;NA;NA;NA;"Arthropoda";"Insecta";"Hymenoptera";"Andrenidae";"Andreninae";NA;"Andrena";NA;NA;NA;"slightly inclined";"SwissBeeTeam. 2018. Atlas en ligne des abeilles sauvages de Suisse. InfoFauna. http://swisswildbee.ch.";"Abeilles";444815
239426;"Andrena ruficrus";"Nylander, 1848";NA;NA;NA;NA;NA;"Arthropoda";"Insecta";"Hymenoptera";"Andrenidae";"Andreninae";NA;"Andrena";NA;NA;NA;"horizontal";"Scheuchl E., Willner W. 2016. Taschenlexikon der Wildbienen Europas. Quelle & Meyer Verlag Wiebelsheim. 920pp.";"Abeilles";444787
239427;"Andrena rufizona";"Imhoff, 1834";NA;NA;NA;NA;NA;"Arthropoda";"Insecta";"Hymenoptera";"Andrenidae";"Andreninae";NA;"Andrena";NA;NA;NA;"slightly inclined";"SwissBeeTeam. 2018. Atlas en ligne des abeilles sauvages de Suisse. InfoFauna. http://swisswildbee.ch.";"Abeilles";444815
239434;"Andrena schencki";"Morawitz, 1866";NA;NA;NA;NA;NA;"Arthropoda";"Insecta";"Hymenoptera";"Andrenidae";"Andreninae";NA;"Andrena";NA;NA;NA;"horizontal";"Scheuchl E., Willner W. 2016. Taschenlexikon der Wildbienen Europas. Quelle & Meyer Verlag Wiebelsheim. 920pp.";"Abeilles";444787
239434;"Andrena schencki";"Morawitz, 1866";NA;NA;NA;NA;NA;"Arthropoda";"Insecta";"Hymenoptera";"Andrenidae";"Andreninae";NA;"Andrena";NA;NA;NA;"slightly inclined";"Scheuchl E., Willner W. 2016. Taschenlexikon der Wildbienen Europas. Quelle & Meyer Verlag Wiebelsheim. 920pp.";"Abeilles";444787
239435;"Andrena semilaevis";"Perez, 1903";NA;NA;NA;NA;NA;"Arthropoda";"Insecta";"Hymenoptera";"Andrenidae";"Andreninae";NA;"Andrena";NA;NA;NA;"horizontal";"Scheuchl E., Willner W. 2016. Taschenlexikon der Wildbienen Europas. Quelle & Meyer Verlag Wiebelsheim. 920pp.";"Abeilles";444787
1012380;"Andrena russula";"Lepeletier de Saint-Fargeau, 1841";NA;NA;NA;NA;NA;"Arthropoda";"Insecta";"Hymenoptera";"Andrenidae";"Andreninae";NA;"Andrena";NA;NA;NA;"horizontal";"Scheuchl E., Willner W. 2016. Taschenlexikon der Wildbienen Europas. Quelle & Meyer Verlag Wiebelsheim. 920pp.";"Abeilles";444787
239439;"Andrena simillima";"Smith, 1851";NA;NA;NA;NA;NA;"Arthropoda";"Insecta";"Hymenoptera";"Andrenidae";"Andreninae";NA;"Andrena";NA;NA;NA;"horizontal";"Scheuchl E., Willner W. 2016. Taschenlexikon der Wildbienen Europas. Quelle & Meyer Verlag Wiebelsheim. 920pp.";"Abeilles";444787
239439;"Andrena simillima";"Smith, 1851";NA;NA;NA;NA;NA;"Arthropoda";"Insecta";"Hymenoptera";"Andrenidae";"Andreninae";NA;"Andrena";NA;NA;NA;"slightly inclined";"Scheuchl E., Willner W. 2016. Taschenlexikon der Wildbienen Europas. Quelle & Meyer Verlag Wiebelsheim. 920pp.";"Abeilles";444787
239446;"Andrena suerinensis";"Friese, 1884";NA;NA;NA;NA;NA;"Arthropoda";"Insecta";"Hymenoptera";"Andrenidae";"Andreninae";NA;"Andrena";NA;NA;NA;"horizontal";"Scheuchl E., Willner W. 2016. Taschenlexikon der Wildbienen Europas. Quelle & Meyer Verlag Wiebelsheim. 920pp.";"Abeilles";444787
239446;"Andrena suerinensis";"Friese, 1884";NA;NA;NA;NA;NA;"Arthropoda";"Insecta";"Hymenoptera";"Andrenidae";"Andreninae";NA;"Andrena";NA;NA;NA;"slightly inclined";"Scheuchl E., Willner W. 2016. Taschenlexikon der Wildbienen Europas. Quelle & Meyer Verlag Wiebelsheim. 920pp.";"Abeilles";444787
239450;"Andrena tarsata";"Nylander, 1848";NA;NA;NA;NA;NA;"Arthropoda";"Insecta";"Hymenoptera";"Andrenidae";"Andreninae";NA;"Andrena";NA;NA;NA;"horizontal";"Scheuchl E., Willner W. 2016. Taschenlexikon der Wildbienen Europas. Quelle & Meyer Verlag Wiebelsheim. 920pp.";"Abeilles";444787
239450;"Andrena tarsata";"Nylander, 1848";NA;NA;NA;NA;NA;"Arthropoda";"Insecta";"Hymenoptera";"Andrenidae";"Andreninae";NA;"Andrena";NA;NA;NA;"slightly inclined";"Scheuchl E., Willner W. 2016. Taschenlexikon der Wildbienen Europas. Quelle & Meyer Verlag Wiebelsheim. 920pp.";"Abeilles";444787
239453;"Andrena thoracica";"(Fabricius, 1775)";NA;NA;NA;NA;NA;"Arthropoda";"Insecta";"Hymenoptera";"Andrenidae";"Andreninae";NA;"Andrena";NA;NA;NA;"horizontal";"Scheuchl E., Willner W. 2016. Taschenlexikon der Wildbienen Europas. Quelle & Meyer Verlag Wiebelsheim. 920pp.";"Abeilles";444787
239454;"Andrena tibialis";"(Kirby, 1802)";NA;NA;NA;NA;NA;"Arthropoda";"Insecta";"Hymenoptera";"Andrenidae";"Andreninae";NA;"Andrena";NA;NA;NA;"horizontal";"Scheuchl E., Willner W. 2016. Taschenlexikon der Wildbienen Europas. Quelle & Meyer Verlag Wiebelsheim. 920pp.";"Abeilles";444787
239456;"Andrena trimmerana";"(Kirby, 1802)";NA;NA;NA;NA;NA;"Arthropoda";"Insecta";"Hymenoptera";"Andrenidae";"Andreninae";NA;"Andrena";NA;NA;NA;"horizontal";"Scheuchl E., Willner W. 2016. Taschenlexikon der Wildbienen Europas. Quelle & Meyer Verlag Wiebelsheim. 920pp.";"Abeilles";444787
239456;"Andrena trimmerana";"(Kirby, 1802)";NA;NA;NA;NA;NA;"Arthropoda";"Insecta";"Hymenoptera";"Andrenidae";"Andreninae";NA;"Andrena";NA;NA;NA;"slightly inclined";"Scheuchl E., Willner W. 2016. Taschenlexikon der Wildbienen Europas. Quelle & Meyer Verlag Wiebelsheim. 920pp.";"Abeilles";444787
939518;"Andrena tscheki";"Morawitz, 1872";NA;NA;NA;NA;NA;"Arthropoda";"Insecta";"Hymenoptera";"Andrenidae";"Andreninae";NA;"Andrena";NA;NA;NA;"horizontal";"Scheuchl E., Willner W. 2016. Taschenlexikon der Wildbienen Europas. Quelle & Meyer Verlag Wiebelsheim. 920pp.";"Abeilles";444787
239458;"Andrena vaga";"Panzer, 1799";NA;NA;NA;NA;NA;"Arthropoda";"Insecta";"Hymenoptera";"Andrenidae";"Andreninae";NA;"Andrena";NA;NA;NA;"horizontal";"Scheuchl E., Willner W. 2016. Taschenlexikon der Wildbienen Europas. Quelle & Meyer Verlag Wiebelsheim. 920pp.";"Abeilles";444787
239460;"Andrena varians";"(Kirby, 1802)";NA;NA;NA;NA;NA;"Arthropoda";"Insecta";"Hymenoptera";"Andrenidae";"Andreninae";NA;"Andrena";NA;NA;NA;"horizontal";"Scheuchl E., Willner W. 2016. Taschenlexikon der Wildbienen Europas. Quelle & Meyer Verlag Wiebelsheim. 920pp.";"Abeilles";444787
239461;"Andrena ventralis";"Imhoff, 1832";NA;NA;NA;NA;NA;"Arthropoda";"Insecta";"Hymenoptera";"Andrenidae";"Andreninae";NA;"Andrena";NA;NA;NA;"horizontal";"Scheuchl E., Willner W. 2016. Taschenlexikon der Wildbienen Europas. Quelle & Meyer Verlag Wiebelsheim. 920pp.";"Abeilles";444787
239462;"Andrena ventricosa";"Dours, 1873";NA;NA;NA;NA;NA;"Arthropoda";"Insecta";"Hymenoptera";"Andrenidae";"Andreninae";NA;"Andrena";NA;NA;NA;"horizontal";"Scheuchl E., Willner W. 2016. Taschenlexikon der Wildbienen Europas. Quelle & Meyer Verlag Wiebelsheim. 920pp.";"Abeilles";444787
239466;"Andrena viridescens";"Viereck, 1916";NA;NA;NA;NA;NA;"Arthropoda";"Insecta";"Hymenoptera";"Andrenidae";"Andreninae";NA;"Andrena";NA;NA;NA;"horizontal";"Scheuchl E., Willner W. 2016. Taschenlexikon der Wildbienen Europas. Quelle & Meyer Verlag Wiebelsheim. 920pp.";"Abeilles";444787
239468;"Andrena wilkella";"(Kirby, 1802)";NA;NA;NA;NA;NA;"Arthropoda";"Insecta";"Hymenoptera";"Andrenidae";"Andreninae";NA;"Andrena";NA;NA;NA;"horizontal";"Scheuchl E., Willner W. 2016. Taschenlexikon der Wildbienen Europas. Quelle & Meyer Verlag Wiebelsheim. 920pp.";"Abeilles";444787
239468;"Andrena wilkella";"(Kirby, 1802)";NA;NA;NA;NA;NA;"Arthropoda";"Insecta";"Hymenoptera";"Andrenidae";"Andreninae";NA;"Andrena";NA;NA;NA;"slightly inclined";"Scheuchl E., Willner W. 2016. Taschenlexikon der Wildbienen Europas. Quelle & Meyer Verlag Wiebelsheim. 920pp.";"Abeilles";444787
239470;"Anthidiellum strigatum";"(Panzer, 1802)";NA;NA;NA;NA;NA;"Arthropoda";"Insecta";"Hymenoptera";"Megachilidae";"Megachilinae";"Anthidiini";"Anthidiellum";NA;NA;NA;"vertical";"Scheuchl E., Willner W. 2016. Taschenlexikon der Wildbienen Europas. Quelle & Meyer Verlag Wiebelsheim. 920pp.";"Abeilles";444787
239472;"Anthidium cingulatum";"Latreille, 1809";NA;NA;NA;NA;NA;"Arthropoda";"Insecta";"Hymenoptera";"Megachilidae";"Megachilinae";"Anthidiini";"Anthidium";NA;NA;NA;"horizontal";"Scheuchl E., Willner W. 2016. Taschenlexikon der Wildbienen Europas. Quelle & Meyer Verlag Wiebelsheim. 920pp.";"Abeilles";444787
239472;"Anthidium cingulatum";"Latreille, 1809";NA;NA;NA;NA;NA;"Arthropoda";"Insecta";"Hymenoptera";"Megachilidae";"Megachilinae";"Anthidiini";"Anthidium";NA;NA;NA;"slightly inclined";"Scheuchl E., Willner W. 2016. Taschenlexikon der Wildbienen Europas. Quelle & Meyer Verlag Wiebelsheim. 920pp.";"Abeilles";444787
239473;"Anthidium diadema";"Latreille, 1809";NA;NA;NA;NA;NA;"Arthropoda";"Insecta";"Hymenoptera";"Megachilidae";"Megachilinae";"Anthidiini";"Anthidium";NA;NA;NA;"horizontal";"Scheuchl E., Willner W. 2016. Taschenlexikon der Wildbienen Europas. Quelle & Meyer Verlag Wiebelsheim. 920pp.";"Abeilles";444787
239473;"Anthidium diadema";"Latreille, 1809";NA;NA;NA;NA;NA;"Arthropoda";"Insecta";"Hymenoptera";"Megachilidae";"Megachilinae";"Anthidiini";"Anthidium";NA;NA;NA;"slightly inclined";"Scheuchl E., Willner W. 2016. Taschenlexikon der Wildbienen Europas. Quelle & Meyer Verlag Wiebelsheim. 920pp.";"Abeilles";444787
239474;"Anthidium florentinum";"(Fabricius, 1775)";NA;NA;NA;NA;NA;"Arthropoda";"Insecta";"Hymenoptera";"Megachilidae";"Megachilinae";"Anthidiini";"Anthidium";NA;NA;NA;"horizontal";"Scheuchl E., Willner W. 2016. Taschenlexikon der Wildbienen Europas. Quelle & Meyer Verlag Wiebelsheim. 920pp.";"Abeilles";444787
239474;"Anthidium florentinum";"(Fabricius, 1775)";NA;NA;NA;NA;NA;"Arthropoda";"Insecta";"Hymenoptera";"Megachilidae";"Megachilinae";"Anthidiini";"Anthidium";NA;NA;NA;"slightly inclined";"Scheuchl E., Willner W. 2016. Taschenlexikon der Wildbienen Europas. Quelle & Meyer Verlag Wiebelsheim. 920pp.";"Abeilles";444787
239476;"Anthidium loti";"Perris, 1852";NA;NA;NA;NA;NA;"Arthropoda";"Insecta";"Hymenoptera";"Megachilidae";"Megachilinae";"Anthidiini";"Anthidium";NA;NA;NA;"horizontal";"Scheuchl E., Willner W. 2016. Taschenlexikon der Wildbienen Europas. Quelle & Meyer Verlag Wiebelsheim. 920pp.";"Abeilles";444787
239476;"Anthidium loti";"Perris, 1852";NA;NA;NA;NA;NA;"Arthropoda";"Insecta";"Hymenoptera";"Megachilidae";"Megachilinae";"Anthidiini";"Anthidium";NA;NA;NA;"slightly inclined";"Scheuchl E., Willner W. 2016. Taschenlexikon der Wildbienen Europas. Quelle & Meyer Verlag Wiebelsheim. 920pp.";"Abeilles";444787
53081;"Anthidium manicatum";"(Linnaeus, 1758)";NA;NA;NA;NA;NA;"Arthropoda";"Insecta";"Hymenoptera";"Megachilidae";"Megachilinae";"Anthidiini";"Anthidium";NA;NA;NA;"horizontal";"Scheuchl E., Willner W. 2016. Taschenlexikon der Wildbienen Europas. Quelle & Meyer Verlag Wiebelsheim. 920pp.";"Abeilles";444787
53081;"Anthidium manicatum";"(Linnaeus, 1758)";NA;NA;NA;NA;NA;"Arthropoda";"Insecta";"Hymenoptera";"Megachilidae";"Megachilinae";"Anthidiini";"Anthidium";NA;NA;NA;"slightly inclined";"Scheuchl E., Willner W. 2016. Taschenlexikon der Wildbienen Europas. Quelle & Meyer Verlag Wiebelsheim. 920pp.";"Abeilles";444787
53082;"Anthidium montanum";"Morawitz, 1865";NA;NA;NA;NA;NA;"Arthropoda";"Insecta";"Hymenoptera";"Megachilidae";"Megachilinae";"Anthidiini";"Anthidium";NA;NA;NA;"slightly inclined";"Scheuchl E., Willner W. 2016. Taschenlexikon der Wildbienen Europas. Quelle & Meyer Verlag Wiebelsheim. 920pp.";"Abeilles";444787
239478;"Anthidium oblongatum";"(Illiger, 1806)";NA;NA;NA;NA;NA;"Arthropoda";"Insecta";"Hymenoptera";"Megachilidae";"Megachilinae";"Anthidiini";"Anthidium";NA;NA;NA;"horizontal";"Scheuchl E., Willner W. 2016. Taschenlexikon der Wildbienen Europas. Quelle & Meyer Verlag Wiebelsheim. 920pp.";"Abeilles";444787
239478;"Anthidium oblongatum";"(Illiger, 1806)";NA;NA;NA;NA;NA;"Arthropoda";"Insecta";"Hymenoptera";"Megachilidae";"Megachilinae";"Anthidiini";"Anthidium";NA;NA;NA;"slightly inclined";"Scheuchl E., Willner W. 2016. Taschenlexikon der Wildbienen Europas. Quelle & Meyer Verlag Wiebelsheim. 920pp.";"Abeilles";444787
239494;"Anthophora crinipes";"Smith, 1854";NA;NA;NA;NA;NA;"Arthropoda";"Insecta";"Hymenoptera";"Apidae";"Anthophorinae";NA;"Anthophora";NA;NA;NA;"horizontal";"Scheuchl E., Willner W. 2016. Taschenlexikon der Wildbienen Europas. Quelle & Meyer Verlag Wiebelsheim. 920pp.";"Abeilles";444787
239494;"Anthophora crinipes";"Smith, 1854";NA;NA;NA;NA;NA;"Arthropoda";"Insecta";"Hymenoptera";"Apidae";"Anthophorinae";NA;"Anthophora";NA;NA;NA;"slightly inclined";"Scheuchl E., Willner W. 2016. Taschenlexikon der Wildbienen Europas. Quelle & Meyer Verlag Wiebelsheim. 920pp.";"Abeilles";444787
239498;"Anthophora fulvitarsis";"Brulle, 1832";NA;NA;NA;NA;NA;"Arthropoda";"Insecta";"Hymenoptera";"Apidae";"Anthophorinae";NA;"Anthophora";NA;NA;NA;"horizontal";"Scheuchl E., Willner W. 2016. Taschenlexikon der Wildbienen Europas. Quelle & Meyer Verlag Wiebelsheim. 920pp.";"Abeilles";444787
239498;"Anthophora fulvitarsis";"Brulle, 1832";NA;NA;NA;NA;NA;"Arthropoda";"Insecta";"Hymenoptera";"Apidae";"Anthophorinae";NA;"Anthophora";NA;NA;NA;"slightly inclined";"Scheuchl E., Willner W. 2016. Taschenlexikon der Wildbienen Europas. Quelle & Meyer Verlag Wiebelsheim. 920pp.";"Abeilles";444787
239507;"Anthophora plagiata";"(Illiger, 1806)";NA;NA;NA;NA;NA;"Arthropoda";"Insecta";"Hymenoptera";"Apidae";"Anthophorinae";NA;"Anthophora";NA;NA;NA;"horizontal";"Scheuchl E., Willner W. 2016. Taschenlexikon der Wildbienen Europas. Quelle & Meyer Verlag Wiebelsheim. 920pp.";"Abeilles";444787
239507;"Anthophora plagiata";"(Illiger, 1806)";NA;NA;NA;NA;NA;"Arthropoda";"Insecta";"Hymenoptera";"Apidae";"Anthophorinae";NA;"Anthophora";NA;NA;NA;"slightly inclined";"Scheuchl E., Willner W. 2016. Taschenlexikon der Wildbienen Europas. Quelle & Meyer Verlag Wiebelsheim. 920pp.";"Abeilles";444787
239508;"Anthophora plumipes";"(Pallas, 1772)";NA;NA;NA;NA;NA;"Arthropoda";"Insecta";"Hymenoptera";"Apidae";"Anthophorinae";NA;"Anthophora";NA;NA;NA;"slightly inclined";"Scheuchl E., Willner W. 2016. Taschenlexikon der Wildbienen Europas. Quelle & Meyer Verlag Wiebelsheim. 920pp.";"Abeilles";444787
239513;"Anthophora quadrimaculata";"(Panzer, 1798)";NA;NA;NA;NA;NA;"Arthropoda";"Insecta";"Hymenoptera";"Apidae";"Anthophorinae";NA;"Anthophora";NA;NA;NA;"slightly inclined";"Scheuchl E., Willner W. 2016. Taschenlexikon der Wildbienen Europas. Quelle & Meyer Verlag Wiebelsheim. 920pp.";"Abeilles";444787
239514;"Anthophora retusa";"(Linnaeus, 1758)";NA;NA;NA;NA;NA;"Arthropoda";"Insecta";"Hymenoptera";"Apidae";"Anthophorinae";NA;"Anthophora";NA;NA;NA;"horizontal";"Scheuchl E., Willner W. 2016. Taschenlexikon der Wildbienen Europas. Quelle & Meyer Verlag Wiebelsheim. 920pp.";"Abeilles";444787
239514;"Anthophora retusa";"(Linnaeus, 1758)";NA;NA;NA;NA;NA;"Arthropoda";"Insecta";"Hymenoptera";"Apidae";"Anthophorinae";NA;"Anthophora";NA;NA;NA;"slightly inclined";"Scheuchl E., Willner W. 2016. Taschenlexikon der Wildbienen Europas. Quelle & Meyer Verlag Wiebelsheim. 920pp.";"Abeilles";444787
239573;"Ceylalictus variegatus";"(Olivier, 1789)";NA;NA;NA;NA;NA;"Arthropoda";"Insecta";"Hymenoptera";"Halictidae";"Nomioidinae";NA;"Ceylalictus";NA;NA;NA;"horizontal";"Scheuchl E., Willner W. 2016. Taschenlexikon der Wildbienen Europas. Quelle & Meyer Verlag Wiebelsheim. 920pp.";"Abeilles";444787
239573;"Ceylalictus variegatus";"(Olivier, 1789)";NA;NA;NA;NA;NA;"Arthropoda";"Insecta";"Hymenoptera";"Halictidae";"Nomioidinae";NA;"Ceylalictus";NA;NA;NA;"slightly inclined";"Scheuchl E., Willner W. 2016. Taschenlexikon der Wildbienen Europas. Quelle & Meyer Verlag Wiebelsheim. 920pp.";"Abeilles";444787
239616;"Colletes albomaculatus";"(Lucas, 1848)";NA;NA;NA;NA;NA;"Arthropoda";"Insecta";"Hymenoptera";"Colletidae";"Colletinae";"Colletini";"Colletes";NA;NA;NA;"slightly inclined";"Scheuchl E., Willner W. 2016. Taschenlexikon der Wildbienen Europas. Quelle & Meyer Verlag Wiebelsheim. 920pp.";"Abeilles";444787
239621;"Colletes cunicularius";"(Linnaeus, 1761)";NA;NA;NA;NA;NA;"Arthropoda";"Insecta";"Hymenoptera";"Colletidae";"Colletinae";"Colletini";"Colletes";NA;NA;NA;"horizontal";"Scheuchl E., Willner W. 2016. Taschenlexikon der Wildbienen Europas. Quelle & Meyer Verlag Wiebelsheim. 920pp.";"Abeilles";444787
239621;"Colletes cunicularius";"(Linnaeus, 1761)";NA;NA;NA;NA;NA;"Arthropoda";"Insecta";"Hymenoptera";"Colletidae";"Colletinae";"Colletini";"Colletes";NA;NA;NA;"slightly inclined";"Scheuchl E., Willner W. 2016. Taschenlexikon der Wildbienen Europas. Quelle & Meyer Verlag Wiebelsheim. 920pp.";"Abeilles";444787
239624;"Colletes floralis";"Eversmann, 1852";NA;NA;NA;NA;NA;"Arthropoda";"Insecta";"Hymenoptera";"Colletidae";"Colletinae";"Colletini";"Colletes";NA;NA;NA;"horizontal";"Scheuchl E., Willner W. 2016. Taschenlexikon der Wildbienen Europas. Quelle & Meyer Verlag Wiebelsheim. 920pp.";"Abeilles";444787
239628;"Colletes halophilus";"Verhoeff, 1944";NA;NA;NA;NA;NA;"Arthropoda";"Insecta";"Hymenoptera";"Colletidae";"Colletinae";"Colletini";"Colletes";NA;NA;NA;"horizontal";"Scheuchl E., Willner W. 2016. Taschenlexikon der Wildbienen Europas. Quelle & Meyer Verlag Wiebelsheim. 920pp.";"Abeilles";444787
239628;"Colletes halophilus";"Verhoeff, 1944";NA;NA;NA;NA;NA;"Arthropoda";"Insecta";"Hymenoptera";"Colletidae";"Colletinae";"Colletini";"Colletes";NA;NA;NA;"slightly inclined";"Scheuchl E., Willner W. 2016. Taschenlexikon der Wildbienen Europas. Quelle & Meyer Verlag Wiebelsheim. 920pp.";"Abeilles";444787
317811;"Colletes hederae";"Schmidt & Westrich, 1993";NA;NA;NA;NA;NA;"Arthropoda";"Insecta";"Hymenoptera";"Colletidae";"Colletinae";"Colletini";"Colletes";NA;NA;NA;"horizontal";"Scheuchl E., Willner W. 2016. Taschenlexikon der Wildbienen Europas. Quelle & Meyer Verlag Wiebelsheim. 920pp.";"Abeilles";444787
317811;"Colletes hederae";"Schmidt & Westrich, 1993";NA;NA;NA;NA;NA;"Arthropoda";"Insecta";"Hymenoptera";"Colletidae";"Colletinae";"Colletini";"Colletes";NA;NA;NA;"slightly inclined";"Scheuchl E., Willner W. 2016. Taschenlexikon der Wildbienen Europas. Quelle & Meyer Verlag Wiebelsheim. 920pp.";"Abeilles";444787
317814;"Colletes impunctatus";"Nylander, 1852";NA;NA;NA;NA;NA;"Arthropoda";"Insecta";"Hymenoptera";"Colletidae";"Colletinae";"Colletini";"Colletes";NA;NA;NA;"slightly inclined";"Scheuchl E., Willner W. 2016. Taschenlexikon der Wildbienen Europas. Quelle & Meyer Verlag Wiebelsheim. 920pp.";"Abeilles";444787
239632;"Colletes marginatus";"Smith, 1846";NA;NA;NA;NA;NA;"Arthropoda";"Insecta";"Hymenoptera";"Colletidae";"Colletinae";"Colletini";"Colletes";NA;NA;NA;"horizontal";"Scheuchl E., Willner W. 2016. Taschenlexikon der Wildbienen Europas. Quelle & Meyer Verlag Wiebelsheim. 920pp.";"Abeilles";444787
239636;"Colletes similis";"Schenck, 1853";NA;NA;NA;NA;NA;"Arthropoda";"Insecta";"Hymenoptera";"Colletidae";"Colletinae";"Colletini";"Colletes";NA;NA;NA;"horizontal";"Scheuchl E., Willner W. 2016. Taschenlexikon der Wildbienen Europas. Quelle & Meyer Verlag Wiebelsheim. 920pp.";"Abeilles";444787
239636;"Colletes similis";"Schenck, 1853";NA;NA;NA;NA;NA;"Arthropoda";"Insecta";"Hymenoptera";"Colletidae";"Colletinae";"Colletini";"Colletes";NA;NA;NA;"slightly inclined";"Scheuchl E., Willner W. 2016. Taschenlexikon der Wildbienen Europas. Quelle & Meyer Verlag Wiebelsheim. 920pp.";"Abeilles";444787
653777;"Dasypoda hirtipes";"(Fabricius, 1793)";NA;NA;NA;NA;NA;"Arthropoda";"Insecta";"Hymenoptera";"Melittidae";"Dasypodainae";NA;"Dasypoda";NA;NA;NA;"horizontal";"Scheuchl E., Willner W. 2016. Taschenlexikon der Wildbienen Europas. Quelle & Meyer Verlag Wiebelsheim. 920pp.";"Abeilles";444787
239649;"Dufourea alpina";"Morawitz, 1865";NA;NA;NA;NA;NA;"Arthropoda";"Insecta";"Hymenoptera";"Halictidae";"Rophitinae";NA;"Dufourea";NA;NA;NA;"slightly inclined";"Scheuchl E., Willner W. 2016. Taschenlexikon der Wildbienen Europas. Quelle & Meyer Verlag Wiebelsheim. 920pp.";"Abeilles";444787
239650;"Dufourea dentiventris";"(Nylander, 1848)";NA;NA;NA;NA;NA;"Arthropoda";"Insecta";"Hymenoptera";"Halictidae";"Rophitinae";NA;"Dufourea";NA;NA;NA;"slightly inclined";"Scheuchl E., Willner W. 2016. Taschenlexikon der Wildbienen Europas. Quelle & Meyer Verlag Wiebelsheim. 920pp.";"Abeilles";444787
239651;"Dufourea halictula";"(Nylander, 1852)";NA;NA;NA;NA;NA;"Arthropoda";"Insecta";"Hymenoptera";"Halictidae";"Rophitinae";NA;"Dufourea";NA;NA;NA;"horizontal";"Scheuchl E., Willner W. 2016. Taschenlexikon der Wildbienen Europas. Quelle & Meyer Verlag Wiebelsheim. 920pp.";"Abeilles";444787
239651;"Dufourea halictula";"(Nylander, 1852)";NA;NA;NA;NA;NA;"Arthropoda";"Insecta";"Hymenoptera";"Halictidae";"Rophitinae";NA;"Dufourea";NA;NA;NA;"slightly inclined";"Scheuchl E., Willner W. 2016. Taschenlexikon der Wildbienen Europas. Quelle & Meyer Verlag Wiebelsheim. 920pp.";"Abeilles";444787
239653;"Dufourea minuta";"Lepeletier, 1841";NA;NA;NA;NA;NA;"Arthropoda";"Insecta";"Hymenoptera";"Halictidae";"Rophitinae";NA;"Dufourea";NA;NA;NA;"horizontal";"Scheuchl E., Willner W. 2016. Taschenlexikon der Wildbienen Europas. Quelle & Meyer Verlag Wiebelsheim. 920pp.";"Abeilles";444787
239653;"Dufourea minuta";"Lepeletier, 1841";NA;NA;NA;NA;NA;"Arthropoda";"Insecta";"Hymenoptera";"Halictidae";"Rophitinae";NA;"Dufourea";NA;NA;NA;"slightly inclined";"Scheuchl E., Willner W. 2016. Taschenlexikon der Wildbienen Europas. Quelle & Meyer Verlag Wiebelsheim. 920pp.";"Abeilles";444787
239678;"Eucera longicornis";"(Linnaeus, 1758)";NA;NA;NA;NA;NA;"Arthropoda";"Insecta";"Hymenoptera";"Apidae";"Eucerinae";"Eucerini";"Eucera";NA;NA;NA;"horizontal";"Scheuchl E., Willner W. 2016. Taschenlexikon der Wildbienen Europas. Quelle & Meyer Verlag Wiebelsheim. 920pp.";"Abeilles";444787
239678;"Eucera longicornis";"(Linnaeus, 1758)";NA;NA;NA;NA;NA;"Arthropoda";"Insecta";"Hymenoptera";"Apidae";"Eucerinae";"Eucerini";"Eucera";NA;NA;NA;"slightly inclined";"Scheuchl E., Willner W. 2016. Taschenlexikon der Wildbienen Europas. Quelle & Meyer Verlag Wiebelsheim. 920pp.";"Abeilles";444787
239679;"Eucera nigrescens";"Perez, 1880";NA;NA;NA;NA;NA;"Arthropoda";"Insecta";"Hymenoptera";"Apidae";"Eucerinae";"Eucerini";"Eucera";NA;NA;NA;"horizontal";"Scheuchl E., Willner W. 2016. Taschenlexikon der Wildbienen Europas. Quelle & Meyer Verlag Wiebelsheim. 920pp.";"Abeilles";444787
239679;"Eucera nigrescens";"Perez, 1880";NA;NA;NA;NA;NA;"Arthropoda";"Insecta";"Hymenoptera";"Apidae";"Eucerinae";"Eucerini";"Eucera";NA;NA;NA;"slightly inclined";"Scheuchl E., Willner W. 2016. Taschenlexikon der Wildbienen Europas. Quelle & Meyer Verlag Wiebelsheim. 920pp.";"Abeilles";444787
53144;"Halictus quadricinctus";"(Fabricius, 1777)";NA;NA;NA;NA;NA;"Arthropoda";"Insecta";"Hymenoptera";"Halictidae";"Halictinae";"Halictini";"Halictus";NA;NA;NA;"horizontal";"Scheuchl E., Willner W. 2016. Taschenlexikon der Wildbienen Europas. Quelle & Meyer Verlag Wiebelsheim. 920pp.";"Abeilles";444787
53144;"Halictus quadricinctus";"(Fabricius, 1777)";NA;NA;NA;NA;NA;"Arthropoda";"Insecta";"Hymenoptera";"Halictidae";"Halictinae";"Halictini";"Halictus";NA;NA;NA;"slightly inclined";"Scheuchl E., Willner W. 2016. Taschenlexikon der Wildbienen Europas. Quelle & Meyer Verlag Wiebelsheim. 920pp.";"Abeilles";444787
239708;"Halictus sexcinctus";"(Fabricius, 1775)";NA;NA;NA;NA;NA;"Arthropoda";"Insecta";"Hymenoptera";"Halictidae";"Halictinae";"Halictini";"Halictus";NA;NA;NA;"horizontal";"Scheuchl E., Willner W. 2016. Taschenlexikon der Wildbienen Europas. Quelle & Meyer Verlag Wiebelsheim. 920pp.";"Abeilles";444787
239708;"Halictus sexcinctus";"(Fabricius, 1775)";NA;NA;NA;NA;NA;"Arthropoda";"Insecta";"Hymenoptera";"Halictidae";"Halictinae";"Halictini";"Halictus";NA;NA;NA;"slightly inclined";"Scheuchl E., Willner W. 2016. Taschenlexikon der Wildbienen Europas. Quelle & Meyer Verlag Wiebelsheim. 920pp.";"Abeilles";444787
239732;"Hoplitis cristatula";"(Van der Zanden, 1990)";NA;NA;NA;NA;NA;"Arthropoda";"Insecta";"Hymenoptera";"Megachilidae";"Megachilinae";"Osmiini";"Hoplitis";NA;NA;NA;"horizontal";"Lhomme, P. 2014. Hoplitis cristatula. The IUCN Red List of Threatened Species 2014: e.T19198907A21153582";"Abeilles";447575
239732;"Hoplitis cristatula";"(Van der Zanden, 1990)";NA;NA;NA;NA;NA;"Arthropoda";"Insecta";"Hymenoptera";"Megachilidae";"Megachilinae";"Osmiini";"Hoplitis";NA;NA;NA;"slightly inclined";"Lhomme, P. 2014. Hoplitis cristatula. The IUCN Red List of Threatened Species 2014: e.T19198907A21153582";"Abeilles";447575
239732;"Hoplitis cristatula";"(Van der Zanden, 1990)";NA;NA;NA;NA;NA;"Arthropoda";"Insecta";"Hymenoptera";"Megachilidae";"Megachilinae";"Osmiini";"Hoplitis";NA;NA;NA;"vertical";"Lhomme, P. 2014. Hoplitis cristatula. The IUCN Red List of Threatened Species 2014: e.T19198907A21153582";"Abeilles";447575
239746;"Hoplitis praestans";"(Morawitz, 1894)";NA;NA;NA;NA;NA;"Arthropoda";"Insecta";"Hymenoptera";"Megachilidae";"Megachilinae";"Osmiini";"Hoplitis";NA;NA;NA;"horizontal";"Scheuchl E., Willner W. 2016. Taschenlexikon der Wildbienen Europas. Quelle & Meyer Verlag Wiebelsheim. 920pp.";"Abeilles";444787
239806;"Hylaeus variegatus";"(Fabricius, 1798)";NA;NA;NA;NA;NA;"Arthropoda";"Insecta";"Hymenoptera";"Colletidae";"Hylaeinae";NA;"Hylaeus";NA;NA;NA;"horizontal";"Scheuchl E., Willner W. 2016. Taschenlexikon der Wildbienen Europas. Quelle & Meyer Verlag Wiebelsheim. 920pp.";"Abeilles";444787
239806;"Hylaeus variegatus";"(Fabricius, 1798)";NA;NA;NA;NA;NA;"Arthropoda";"Insecta";"Hymenoptera";"Colletidae";"Hylaeinae";NA;"Hylaeus";NA;NA;NA;"slightly inclined";"Scheuchl E., Willner W. 2016. Taschenlexikon der Wildbienen Europas. Quelle & Meyer Verlag Wiebelsheim. 920pp.";"Abeilles";444787
239810;"Lasioglossum aeratum";"(Kirby, 1802)";NA;NA;NA;NA;NA;"Arthropoda";"Insecta";"Hymenoptera";"Halictidae";"Halictinae";"Halictini";"Lasioglossum";NA;NA;NA;"horizontal";"Scheuchl E., Willner W. 2016. Taschenlexikon der Wildbienen Europas. Quelle & Meyer Verlag Wiebelsheim. 920pp.";"Abeilles";444787
239810;"Lasioglossum aeratum";"(Kirby, 1802)";NA;NA;NA;NA;NA;"Arthropoda";"Insecta";"Hymenoptera";"Halictidae";"Halictinae";"Halictini";"Lasioglossum";NA;NA;NA;"slightly inclined";"Scheuchl E., Willner W. 2016. Taschenlexikon der Wildbienen Europas. Quelle & Meyer Verlag Wiebelsheim. 920pp.";"Abeilles";444787
239811;"Lasioglossum albipes";"(Fabricius, 1781)";NA;NA;NA;NA;NA;"Arthropoda";"Insecta";"Hymenoptera";"Halictidae";"Halictinae";"Halictini";"Lasioglossum";NA;NA;NA;"horizontal";"Scheuchl E., Willner W. 2016. Taschenlexikon der Wildbienen Europas. Quelle & Meyer Verlag Wiebelsheim. 920pp.";"Abeilles";444787
239811;"Lasioglossum albipes";"(Fabricius, 1781)";NA;NA;NA;NA;NA;"Arthropoda";"Insecta";"Hymenoptera";"Halictidae";"Halictinae";"Halictini";"Lasioglossum";NA;NA;NA;"slightly inclined";"Scheuchl E., Willner W. 2016. Taschenlexikon der Wildbienen Europas. Quelle & Meyer Verlag Wiebelsheim. 920pp.";"Abeilles";444787
318094;"Lasioglossum alpigenum";"(Dalla Torre, 1877)";NA;NA;NA;NA;NA;"Arthropoda";"Insecta";"Hymenoptera";"Halictidae";"Halictinae";"Halictini";"Lasioglossum";NA;NA;NA;"slightly inclined";"Scheuchl E., Willner W. 2016. Taschenlexikon der Wildbienen Europas. Quelle & Meyer Verlag Wiebelsheim. 920pp.";"Abeilles";444787
239813;"Lasioglossum angusticeps";"(Perkins, 1895)";NA;NA;NA;NA;NA;"Arthropoda";"Insecta";"Hymenoptera";"Halictidae";"Halictinae";"Halictini";"Lasioglossum";NA;NA;NA;"slightly inclined";"Pauly, A. & Michez, D. 2015. Lasioglossum angusticeps. The IUCN Red List of Threatened Species 2015: e.T19198581A43366059";"Abeilles";444717
239816;"Lasioglossum bavaricum";"(Bluthgen, 1930)";NA;NA;NA;NA;NA;"Arthropoda";"Insecta";"Hymenoptera";"Halictidae";"Halictinae";"Halictini";"Lasioglossum";NA;NA;NA;"slightly inclined";"Scheuchl E., Willner W. 2016. Taschenlexikon der Wildbienen Europas. Quelle & Meyer Verlag Wiebelsheim. 920pp.";"Abeilles";444787
239822;"Lasioglossum calceatum";"(Scopoli, 1763)";NA;NA;NA;NA;NA;"Arthropoda";"Insecta";"Hymenoptera";"Halictidae";"Halictinae";"Halictini";"Lasioglossum";NA;NA;NA;"horizontal";"Scheuchl E., Willner W. 2016. Taschenlexikon der Wildbienen Europas. Quelle & Meyer Verlag Wiebelsheim. 920pp.";"Abeilles";444787
239822;"Lasioglossum calceatum";"(Scopoli, 1763)";NA;NA;NA;NA;NA;"Arthropoda";"Insecta";"Hymenoptera";"Halictidae";"Halictinae";"Halictini";"Lasioglossum";NA;NA;NA;"slightly inclined";"Scheuchl E., Willner W. 2016. Taschenlexikon der Wildbienen Europas. Quelle & Meyer Verlag Wiebelsheim. 920pp.";"Abeilles";444787
318112;"Lasioglossum costulatum";"(Kriechbaumer, 1873)";NA;NA;NA;NA;NA;"Arthropoda";"Insecta";"Hymenoptera";"Halictidae";"Halictinae";"Halictini";"Lasioglossum";NA;NA;NA;"slightly inclined";"Scheuchl E., Willner W. 2016. Taschenlexikon der Wildbienen Europas. Quelle & Meyer Verlag Wiebelsheim. 920pp.";"Abeilles";444787
239835;"Lasioglossum fratellum";"(Perez, 1903)";NA;NA;NA;NA;NA;"Arthropoda";"Insecta";"Hymenoptera";"Halictidae";"Halictinae";"Halictini";"Lasioglossum";NA;NA;NA;"horizontal";"Scheuchl E., Willner W. 2016. Taschenlexikon der Wildbienen Europas. Quelle & Meyer Verlag Wiebelsheim. 920pp.";"Abeilles";444787
239836;"Lasioglossum fulvicorne";"(Kirby, 1802)";NA;NA;NA;NA;NA;"Arthropoda";"Insecta";"Hymenoptera";"Halictidae";"Halictinae";"Halictini";"Lasioglossum";NA;NA;NA;"horizontal";"Scheuchl E., Willner W. 2016. Taschenlexikon der Wildbienen Europas. Quelle & Meyer Verlag Wiebelsheim. 920pp.";"Abeilles";444787
239836;"Lasioglossum fulvicorne";"(Kirby, 1802)";NA;NA;NA;NA;NA;"Arthropoda";"Insecta";"Hymenoptera";"Halictidae";"Halictinae";"Halictini";"Lasioglossum";NA;NA;NA;"slightly inclined";"Scheuchl E., Willner W. 2016. Taschenlexikon der Wildbienen Europas. Quelle & Meyer Verlag Wiebelsheim. 920pp.";"Abeilles";444787
239838;"Lasioglossum glabriusculum";"(Morawitz, 1872)";NA;NA;NA;NA;NA;"Arthropoda";"Insecta";"Hymenoptera";"Halictidae";"Halictinae";"Halictini";"Lasioglossum";NA;NA;NA;"horizontal";"Scheuchl E., Willner W. 2016. Taschenlexikon der Wildbienen Europas. Quelle & Meyer Verlag Wiebelsheim. 920pp.";"Abeilles";444787
239838;"Lasioglossum glabriusculum";"(Morawitz, 1872)";NA;NA;NA;NA;NA;"Arthropoda";"Insecta";"Hymenoptera";"Halictidae";"Halictinae";"Halictini";"Lasioglossum";NA;NA;NA;"slightly inclined";"Scheuchl E., Willner W. 2016. Taschenlexikon der Wildbienen Europas. Quelle & Meyer Verlag Wiebelsheim. 920pp.";"Abeilles";444787
239841;"Lasioglossum intermedium";"(Schenck, 1869)";NA;NA;NA;NA;NA;"Arthropoda";"Insecta";"Hymenoptera";"Halictidae";"Halictinae";"Halictini";"Lasioglossum";NA;NA;NA;"horizontal";"Scheuchl E., Willner W. 2016. Taschenlexikon der Wildbienen Europas. Quelle & Meyer Verlag Wiebelsheim. 920pp.";"Abeilles";444787
239841;"Lasioglossum intermedium";"(Schenck, 1869)";NA;NA;NA;NA;NA;"Arthropoda";"Insecta";"Hymenoptera";"Halictidae";"Halictinae";"Halictini";"Lasioglossum";NA;NA;NA;"slightly inclined";"Scheuchl E., Willner W. 2016. Taschenlexikon der Wildbienen Europas. Quelle & Meyer Verlag Wiebelsheim. 920pp.";"Abeilles";444787
239842;"Lasioglossum interruptum";"(Panzer, 1798)";NA;NA;NA;NA;NA;"Arthropoda";"Insecta";"Hymenoptera";"Halictidae";"Halictinae";"Halictini";"Lasioglossum";NA;NA;NA;"horizontal";"Scheuchl E., Willner W. 2016. Taschenlexikon der Wildbienen Europas. Quelle & Meyer Verlag Wiebelsheim. 920pp.";"Abeilles";444787
239842;"Lasioglossum interruptum";"(Panzer, 1798)";NA;NA;NA;NA;NA;"Arthropoda";"Insecta";"Hymenoptera";"Halictidae";"Halictinae";"Halictini";"Lasioglossum";NA;NA;NA;"slightly inclined";"Scheuchl E., Willner W. 2016. Taschenlexikon der Wildbienen Europas. Quelle & Meyer Verlag Wiebelsheim. 920pp.";"Abeilles";444787
239845;"Lasioglossum laevigatum";"(Kirby, 1802)";NA;NA;NA;NA;NA;"Arthropoda";"Insecta";"Hymenoptera";"Halictidae";"Halictinae";"Halictini";"Lasioglossum";NA;NA;NA;"horizontal";"Scheuchl E., Willner W. 2016. Taschenlexikon der Wildbienen Europas. Quelle & Meyer Verlag Wiebelsheim. 920pp.";"Abeilles";444787
239845;"Lasioglossum laevigatum";"(Kirby, 1802)";NA;NA;NA;NA;NA;"Arthropoda";"Insecta";"Hymenoptera";"Halictidae";"Halictinae";"Halictini";"Lasioglossum";NA;NA;NA;"slightly inclined";"Scheuchl E., Willner W. 2016. Taschenlexikon der Wildbienen Europas. Quelle & Meyer Verlag Wiebelsheim. 920pp.";"Abeilles";444787
239846;"Lasioglossum laticeps";"(Schenck, 1869)";NA;NA;NA;NA;NA;"Arthropoda";"Insecta";"Hymenoptera";"Halictidae";"Halictinae";"Halictini";"Lasioglossum";NA;NA;NA;"horizontal";"Scheuchl E., Willner W. 2016. Taschenlexikon der Wildbienen Europas. Quelle & Meyer Verlag Wiebelsheim. 920pp.";"Abeilles";444787
239846;"Lasioglossum laticeps";"(Schenck, 1869)";NA;NA;NA;NA;NA;"Arthropoda";"Insecta";"Hymenoptera";"Halictidae";"Halictinae";"Halictini";"Lasioglossum";NA;NA;NA;"slightly inclined";"Scheuchl E., Willner W. 2016. Taschenlexikon der Wildbienen Europas. Quelle & Meyer Verlag Wiebelsheim. 920pp.";"Abeilles";444787
239848;"Lasioglossum leucopus";"(Kirby, 1802)";NA;NA;NA;NA;NA;"Arthropoda";"Insecta";"Hymenoptera";"Halictidae";"Halictinae";"Halictini";"Lasioglossum";NA;NA;NA;"horizontal";"Scheuchl E., Willner W. 2016. Taschenlexikon der Wildbienen Europas. Quelle & Meyer Verlag Wiebelsheim. 920pp.";"Abeilles";444787
239848;"Lasioglossum leucopus";"(Kirby, 1802)";NA;NA;NA;NA;NA;"Arthropoda";"Insecta";"Hymenoptera";"Halictidae";"Halictinae";"Halictini";"Lasioglossum";NA;NA;NA;"slightly inclined";"Scheuchl E., Willner W. 2016. Taschenlexikon der Wildbienen Europas. Quelle & Meyer Verlag Wiebelsheim. 920pp.";"Abeilles";444787
239849;"Lasioglossum leucozonium";"(Schrank, 1781)";NA;NA;NA;NA;NA;"Arthropoda";"Insecta";"Hymenoptera";"Halictidae";"Halictinae";"Halictini";"Lasioglossum";NA;NA;NA;"horizontal";"Scheuchl E., Willner W. 2016. Taschenlexikon der Wildbienen Europas. Quelle & Meyer Verlag Wiebelsheim. 920pp.";"Abeilles";444787
239850;"Lasioglossum limbellum";"(Morawitz, 1876)";NA;NA;NA;NA;NA;"Arthropoda";"Insecta";"Hymenoptera";"Halictidae";"Halictinae";"Halictini";"Lasioglossum";NA;NA;NA;"vertical";"Scheuchl E., Willner W. 2016. Taschenlexikon der Wildbienen Europas. Quelle & Meyer Verlag Wiebelsheim. 920pp.";"Abeilles";444787
239851;"Lasioglossum lineare";"(Schenck, 1869)";NA;NA;NA;NA;NA;"Arthropoda";"Insecta";"Hymenoptera";"Halictidae";"Halictinae";"Halictini";"Lasioglossum";NA;NA;NA;"horizontal";"Scheuchl E., Willner W. 2016. Taschenlexikon der Wildbienen Europas. Quelle & Meyer Verlag Wiebelsheim. 920pp.";"Abeilles";444787
239851;"Lasioglossum lineare";"(Schenck, 1869)";NA;NA;NA;NA;NA;"Arthropoda";"Insecta";"Hymenoptera";"Halictidae";"Halictinae";"Halictini";"Lasioglossum";NA;NA;NA;"slightly inclined";"Scheuchl E., Willner W. 2016. Taschenlexikon der Wildbienen Europas. Quelle & Meyer Verlag Wiebelsheim. 920pp.";"Abeilles";444787
239853;"Lasioglossum lucidulum";"(Schenck, 1861)";NA;NA;NA;NA;NA;"Arthropoda";"Insecta";"Hymenoptera";"Halictidae";"Halictinae";"Halictini";"Lasioglossum";NA;NA;NA;"horizontal";"Scheuchl E., Willner W. 2016. Taschenlexikon der Wildbienen Europas. Quelle & Meyer Verlag Wiebelsheim. 920pp.";"Abeilles";444787
239853;"Lasioglossum lucidulum";"(Schenck, 1861)";NA;NA;NA;NA;NA;"Arthropoda";"Insecta";"Hymenoptera";"Halictidae";"Halictinae";"Halictini";"Lasioglossum";NA;NA;NA;"slightly inclined";"Scheuchl E., Willner W. 2016. Taschenlexikon der Wildbienen Europas. Quelle & Meyer Verlag Wiebelsheim. 920pp.";"Abeilles";444787
239854;"Lasioglossum majus";"(Nylander, 1852)";NA;NA;NA;NA;NA;"Arthropoda";"Insecta";"Hymenoptera";"Halictidae";"Halictinae";"Halictini";"Lasioglossum";NA;NA;NA;"horizontal";"Scheuchl E., Willner W. 2016. Taschenlexikon der Wildbienen Europas. Quelle & Meyer Verlag Wiebelsheim. 920pp.";"Abeilles";444787
239854;"Lasioglossum majus";"(Nylander, 1852)";NA;NA;NA;NA;NA;"Arthropoda";"Insecta";"Hymenoptera";"Halictidae";"Halictinae";"Halictini";"Lasioglossum";NA;NA;NA;"slightly inclined";"Scheuchl E., Willner W. 2016. Taschenlexikon der Wildbienen Europas. Quelle & Meyer Verlag Wiebelsheim. 920pp.";"Abeilles";444787
239855;"Lasioglossum malachurum";"(Kirby, 1802)";NA;NA;NA;NA;NA;"Arthropoda";"Insecta";"Hymenoptera";"Halictidae";"Halictinae";"Halictini";"Lasioglossum";NA;NA;NA;"horizontal";"Scheuchl E., Willner W. 2016. Taschenlexikon der Wildbienen Europas. Quelle & Meyer Verlag Wiebelsheim. 920pp.";"Abeilles";444787
239855;"Lasioglossum malachurum";"(Kirby, 1802)";NA;NA;NA;NA;NA;"Arthropoda";"Insecta";"Hymenoptera";"Halictidae";"Halictinae";"Halictini";"Lasioglossum";NA;NA;NA;"slightly inclined";"Scheuchl E., Willner W. 2016. Taschenlexikon der Wildbienen Europas. Quelle & Meyer Verlag Wiebelsheim. 920pp.";"Abeilles";444787
239857;"Lasioglossum marginatum";"(Brulle, 1832)";NA;NA;NA;NA;NA;"Arthropoda";"Insecta";"Hymenoptera";"Halictidae";"Halictinae";"Halictini";"Lasioglossum";NA;NA;NA;"horizontal";"Scheuchl E., Willner W. 2016. Taschenlexikon der Wildbienen Europas. Quelle & Meyer Verlag Wiebelsheim. 920pp.";"Abeilles";444787
239857;"Lasioglossum marginatum";"(Brulle, 1832)";NA;NA;NA;NA;NA;"Arthropoda";"Insecta";"Hymenoptera";"Halictidae";"Halictinae";"Halictini";"Lasioglossum";NA;NA;NA;"slightly inclined";"Scheuchl E., Willner W. 2016. Taschenlexikon der Wildbienen Europas. Quelle & Meyer Verlag Wiebelsheim. 920pp.";"Abeilles";444787
239858;"Lasioglossum marginellum";"(Schenck, 1853)";NA;NA;NA;NA;NA;"Arthropoda";"Insecta";"Hymenoptera";"Halictidae";"Halictinae";"Halictini";"Lasioglossum";NA;NA;NA;"vertical";"Scheuchl E., Willner W. 2016. Taschenlexikon der Wildbienen Europas. Quelle & Meyer Verlag Wiebelsheim. 920pp.";"Abeilles";444787
239862;"Lasioglossum minutissimum";"(Kirby, 1802)";NA;NA;NA;NA;NA;"Arthropoda";"Insecta";"Hymenoptera";"Halictidae";"Halictinae";"Halictini";"Lasioglossum";NA;NA;NA;"horizontal";"Scheuchl E., Willner W. 2016. Taschenlexikon der Wildbienen Europas. Quelle & Meyer Verlag Wiebelsheim. 920pp.";"Abeilles";444787
239862;"Lasioglossum minutissimum";"(Kirby, 1802)";NA;NA;NA;NA;NA;"Arthropoda";"Insecta";"Hymenoptera";"Halictidae";"Halictinae";"Halictini";"Lasioglossum";NA;NA;NA;"slightly inclined";"Scheuchl E., Willner W. 2016. Taschenlexikon der Wildbienen Europas. Quelle & Meyer Verlag Wiebelsheim. 920pp.";"Abeilles";444787
239863;"Lasioglossum minutulum";"(Schenck, 1853)";NA;NA;NA;NA;NA;"Arthropoda";"Insecta";"Hymenoptera";"Halictidae";"Halictinae";"Halictini";"Lasioglossum";NA;NA;NA;"horizontal";"Scheuchl E., Willner W. 2016. Taschenlexikon der Wildbienen Europas. Quelle & Meyer Verlag Wiebelsheim. 920pp.";"Abeilles";444787
239864;"Lasioglossum morio";"(Fabricius, 1793)";NA;NA;NA;NA;NA;"Arthropoda";"Insecta";"Hymenoptera";"Halictidae";"Halictinae";"Halictini";"Lasioglossum";NA;NA;NA;"horizontal";"Scheuchl E., Willner W. 2016. Taschenlexikon der Wildbienen Europas. Quelle & Meyer Verlag Wiebelsheim. 920pp.";"Abeilles";444787
239864;"Lasioglossum morio";"(Fabricius, 1793)";NA;NA;NA;NA;NA;"Arthropoda";"Insecta";"Hymenoptera";"Halictidae";"Halictinae";"Halictini";"Lasioglossum";NA;NA;NA;"slightly inclined";"Scheuchl E., Willner W. 2016. Taschenlexikon der Wildbienen Europas. Quelle & Meyer Verlag Wiebelsheim. 920pp.";"Abeilles";444787
239865;"Lasioglossum nigripes";"(Lepeletier, 1841)";NA;NA;NA;NA;NA;"Arthropoda";"Insecta";"Hymenoptera";"Halictidae";"Halictinae";"Halictini";"Lasioglossum";NA;NA;NA;"horizontal";"Scheuchl E., Willner W. 2016. Taschenlexikon der Wildbienen Europas. Quelle & Meyer Verlag Wiebelsheim. 920pp.";"Abeilles";444787
239865;"Lasioglossum nigripes";"(Lepeletier, 1841)";NA;NA;NA;NA;NA;"Arthropoda";"Insecta";"Hymenoptera";"Halictidae";"Halictinae";"Halictini";"Lasioglossum";NA;NA;NA;"slightly inclined";"Scheuchl E., Willner W. 2016. Taschenlexikon der Wildbienen Europas. Quelle & Meyer Verlag Wiebelsheim. 920pp.";"Abeilles";444787
239866;"Lasioglossum nitidiusculum";"(Kirby, 1802)";NA;NA;NA;NA;NA;"Arthropoda";"Insecta";"Hymenoptera";"Halictidae";"Halictinae";"Halictini";"Lasioglossum";NA;NA;NA;"slightly inclined";"Scheuchl E., Willner W. 2016. Taschenlexikon der Wildbienen Europas. Quelle & Meyer Verlag Wiebelsheim. 920pp.";"Abeilles";444787
239867;"Lasioglossum nitidulum";"(Fabricius, 1804)";NA;NA;NA;NA;NA;"Arthropoda";"Insecta";"Hymenoptera";"Halictidae";"Halictinae";"Halictini";"Lasioglossum";NA;NA;NA;"horizontal";"Scheuchl E., Willner W. 2016. Taschenlexikon der Wildbienen Europas. Quelle & Meyer Verlag Wiebelsheim. 920pp.";"Abeilles";444787
239867;"Lasioglossum nitidulum";"(Fabricius, 1804)";NA;NA;NA;NA;NA;"Arthropoda";"Insecta";"Hymenoptera";"Halictidae";"Halictinae";"Halictini";"Lasioglossum";NA;NA;NA;"slightly inclined";"Scheuchl E., Willner W. 2016. Taschenlexikon der Wildbienen Europas. Quelle & Meyer Verlag Wiebelsheim. 920pp.";"Abeilles";444787
239867;"Lasioglossum nitidulum";"(Fabricius, 1804)";NA;NA;NA;NA;NA;"Arthropoda";"Insecta";"Hymenoptera";"Halictidae";"Halictinae";"Halictini";"Lasioglossum";NA;NA;NA;"vertical";"Scheuchl E., Willner W. 2016. Taschenlexikon der Wildbienen Europas. Quelle & Meyer Verlag Wiebelsheim. 920pp.";"Abeilles";444787
239869;"Lasioglossum parvulum";"(Schenck, 1853)";NA;NA;NA;NA;NA;"Arthropoda";"Insecta";"Hymenoptera";"Halictidae";"Halictinae";"Halictini";"Lasioglossum";NA;NA;NA;"horizontal";"Scheuchl E., Willner W. 2016. Taschenlexikon der Wildbienen Europas. Quelle & Meyer Verlag Wiebelsheim. 920pp.";"Abeilles";444787
239869;"Lasioglossum parvulum";"(Schenck, 1853)";NA;NA;NA;NA;NA;"Arthropoda";"Insecta";"Hymenoptera";"Halictidae";"Halictinae";"Halictini";"Lasioglossum";NA;NA;NA;"slightly inclined";"Scheuchl E., Willner W. 2016. Taschenlexikon der Wildbienen Europas. Quelle & Meyer Verlag Wiebelsheim. 920pp.";"Abeilles";444787
239871;"Lasioglossum pauxillum";"(Schenck, 1853)";NA;NA;NA;NA;NA;"Arthropoda";"Insecta";"Hymenoptera";"Halictidae";"Halictinae";"Halictini";"Lasioglossum";NA;NA;NA;"horizontal";"Scheuchl E., Willner W. 2016. Taschenlexikon der Wildbienen Europas. Quelle & Meyer Verlag Wiebelsheim. 920pp.";"Abeilles";444787
239871;"Lasioglossum pauxillum";"(Schenck, 1853)";NA;NA;NA;NA;NA;"Arthropoda";"Insecta";"Hymenoptera";"Halictidae";"Halictinae";"Halictini";"Lasioglossum";NA;NA;NA;"slightly inclined";"Scheuchl E., Willner W. 2016. Taschenlexikon der Wildbienen Europas. Quelle & Meyer Verlag Wiebelsheim. 920pp.";"Abeilles";444787
239875;"Lasioglossum politum";"(Schenck, 1853)";NA;NA;NA;NA;NA;"Arthropoda";"Insecta";"Hymenoptera";"Halictidae";"Halictinae";"Halictini";"Lasioglossum";NA;NA;NA;"horizontal";"Scheuchl E., Willner W. 2016. Taschenlexikon der Wildbienen Europas. Quelle & Meyer Verlag Wiebelsheim. 920pp.";"Abeilles";444787
239875;"Lasioglossum politum";"(Schenck, 1853)";NA;NA;NA;NA;NA;"Arthropoda";"Insecta";"Hymenoptera";"Halictidae";"Halictinae";"Halictini";"Lasioglossum";NA;NA;NA;"vertical";"Scheuchl E., Willner W. 2016. Taschenlexikon der Wildbienen Europas. Quelle & Meyer Verlag Wiebelsheim. 920pp.";"Abeilles";444787
239876;"Lasioglossum prasinum";"(Smith, 1848)";NA;NA;NA;NA;NA;"Arthropoda";"Insecta";"Hymenoptera";"Halictidae";"Halictinae";"Halictini";"Lasioglossum";NA;NA;NA;"horizontal";"Scheuchl E., Willner W. 2016. Taschenlexikon der Wildbienen Europas. Quelle & Meyer Verlag Wiebelsheim. 920pp.";"Abeilles";444787
239876;"Lasioglossum prasinum";"(Smith, 1848)";NA;NA;NA;NA;NA;"Arthropoda";"Insecta";"Hymenoptera";"Halictidae";"Halictinae";"Halictini";"Lasioglossum";NA;NA;NA;"slightly inclined";"Scheuchl E., Willner W. 2016. Taschenlexikon der Wildbienen Europas. Quelle & Meyer Verlag Wiebelsheim. 920pp.";"Abeilles";444787
239878;"Lasioglossum punctatissimum";"(Schenck, 1853)";NA;NA;NA;NA;NA;"Arthropoda";"Insecta";"Hymenoptera";"Halictidae";"Halictinae";"Halictini";"Lasioglossum";NA;NA;NA;"horizontal";"Scheuchl E., Willner W. 2016. Taschenlexikon der Wildbienen Europas. Quelle & Meyer Verlag Wiebelsheim. 920pp.";"Abeilles";444787
239878;"Lasioglossum punctatissimum";"(Schenck, 1853)";NA;NA;NA;NA;NA;"Arthropoda";"Insecta";"Hymenoptera";"Halictidae";"Halictinae";"Halictini";"Lasioglossum";NA;NA;NA;"vertical";"Scheuchl E., Willner W. 2016. Taschenlexikon der Wildbienen Europas. Quelle & Meyer Verlag Wiebelsheim. 920pp.";"Abeilles";444787
239879;"Lasioglossum puncticolle";"(Morawitz, 1872)";NA;NA;NA;NA;NA;"Arthropoda";"Insecta";"Hymenoptera";"Halictidae";"Halictinae";"Halictini";"Lasioglossum";NA;NA;NA;"horizontal";"Scheuchl E., Willner W. 2016. Taschenlexikon der Wildbienen Europas. Quelle & Meyer Verlag Wiebelsheim. 920pp.";"Abeilles";444787
239879;"Lasioglossum puncticolle";"(Morawitz, 1872)";NA;NA;NA;NA;NA;"Arthropoda";"Insecta";"Hymenoptera";"Halictidae";"Halictinae";"Halictini";"Lasioglossum";NA;NA;NA;"vertical";"Scheuchl E., Willner W. 2016. Taschenlexikon der Wildbienen Europas. Quelle & Meyer Verlag Wiebelsheim. 920pp.";"Abeilles";444787
239880;"Lasioglossum pygmaeum";"(Schenck, 1853)";NA;NA;NA;NA;NA;"Arthropoda";"Insecta";"Hymenoptera";"Halictidae";"Halictinae";"Halictini";"Lasioglossum";NA;NA;NA;"slightly inclined";"Scheuchl E., Willner W. 2016. Taschenlexikon der Wildbienen Europas. Quelle & Meyer Verlag Wiebelsheim. 920pp.";"Abeilles";444787
239881;"Lasioglossum quadrinotatulum";"(Schenck, 1861)";NA;NA;NA;NA;NA;"Arthropoda";"Insecta";"Hymenoptera";"Halictidae";"Halictinae";"Halictini";"Lasioglossum";NA;NA;NA;"slightly inclined";"Scheuchl E., Willner W. 2016. Taschenlexikon der Wildbienen Europas. Quelle & Meyer Verlag Wiebelsheim. 920pp.";"Abeilles";444787
239884;"Lasioglossum rufitarse";"(Zetterstedt, 1838)";NA;NA;NA;NA;NA;"Arthropoda";"Insecta";"Hymenoptera";"Halictidae";"Halictinae";"Halictini";"Lasioglossum";NA;NA;NA;"horizontal";"Scheuchl E., Willner W. 2016. Taschenlexikon der Wildbienen Europas. Quelle & Meyer Verlag Wiebelsheim. 920pp.";"Abeilles";444787
883879;"Lasioglossum monstrificum";"(Morawitz, 1891)";NA;NA;NA;NA;NA;"Arthropoda";"Insecta";"Hymenoptera";"Halictidae";"Halictinae";"Halictini";"Lasioglossum";NA;NA;NA;"horizontal";"Scheuchl E., Willner W. 2016. Taschenlexikon der Wildbienen Europas. Quelle & Meyer Verlag Wiebelsheim. 920pp.";"Abeilles";444787
883879;"Lasioglossum monstrificum";"(Morawitz, 1891)";NA;NA;NA;NA;NA;"Arthropoda";"Insecta";"Hymenoptera";"Halictidae";"Halictinae";"Halictini";"Lasioglossum";NA;NA;NA;"slightly inclined";"Scheuchl E., Willner W. 2016. Taschenlexikon der Wildbienen Europas. Quelle & Meyer Verlag Wiebelsheim. 920pp.";"Abeilles";444787
318160;"Lasioglossum sexstrigatum";"(Schenck, 1869)";NA;NA;NA;NA;NA;"Arthropoda";"Insecta";"Hymenoptera";"Halictidae";"Halictinae";"Halictini";"Lasioglossum";NA;NA;NA;"horizontal";"Scheuchl E., Willner W. 2016. Taschenlexikon der Wildbienen Europas. Quelle & Meyer Verlag Wiebelsheim. 920pp.";"Abeilles";444787
239888;"Lasioglossum smeathmanellum";"(Kirby, 1802)";NA;NA;NA;NA;NA;"Arthropoda";"Insecta";"Hymenoptera";"Halictidae";"Halictinae";"Halictini";"Lasioglossum";NA;NA;NA;"vertical";"Scheuchl E., Willner W. 2016. Taschenlexikon der Wildbienen Europas. Quelle & Meyer Verlag Wiebelsheim. 920pp.";"Abeilles";444787
239900;"Lasioglossum villosulum";"(Kirby, 1802)";NA;NA;NA;NA;NA;"Arthropoda";"Insecta";"Hymenoptera";"Halictidae";"Halictinae";"Halictini";"Lasioglossum";NA;NA;NA;"horizontal";"Scheuchl E., Willner W. 2016. Taschenlexikon der Wildbienen Europas. Quelle & Meyer Verlag Wiebelsheim. 920pp.";"Abeilles";444787
239900;"Lasioglossum villosulum";"(Kirby, 1802)";NA;NA;NA;NA;NA;"Arthropoda";"Insecta";"Hymenoptera";"Halictidae";"Halictinae";"Halictini";"Lasioglossum";NA;NA;NA;"slightly inclined";"Scheuchl E., Willner W. 2016. Taschenlexikon der Wildbienen Europas. Quelle & Meyer Verlag Wiebelsheim. 920pp.";"Abeilles";444787
815156;"Lasioglossum xanthopus";"(Kirby, 1802)";NA;NA;NA;NA;NA;"Arthropoda";"Insecta";"Hymenoptera";"Halictidae";"Halictinae";"Halictini";"Lasioglossum";NA;NA;NA;"horizontal";"Scheuchl E., Willner W. 2016. Taschenlexikon der Wildbienen Europas. Quelle & Meyer Verlag Wiebelsheim. 920pp.";"Abeilles";444787
815156;"Lasioglossum xanthopus";"(Kirby, 1802)";NA;NA;NA;NA;NA;"Arthropoda";"Insecta";"Hymenoptera";"Halictidae";"Halictinae";"Halictini";"Lasioglossum";NA;NA;NA;"slightly inclined";"Scheuchl E., Willner W. 2016. Taschenlexikon der Wildbienen Europas. Quelle & Meyer Verlag Wiebelsheim. 920pp.";"Abeilles";444787
318170;"Lasioglossum zonulum";"(Smith, 1848)";NA;NA;NA;NA;NA;"Arthropoda";"Insecta";"Hymenoptera";"Halictidae";"Halictinae";"Halictini";"Lasioglossum";NA;NA;NA;"horizontal";"Scheuchl E., Willner W. 2016. Taschenlexikon der Wildbienen Europas. Quelle & Meyer Verlag Wiebelsheim. 920pp.";"Abeilles";444787
239904;"Macropis europaea";"Warncke, 1973";NA;NA;NA;NA;NA;"Arthropoda";"Insecta";"Hymenoptera";"Melittidae";"Melittinae";NA;"Macropis";NA;NA;NA;"slightly inclined";"Scheuchl E., Willner W. 2016. Taschenlexikon der Wildbienen Europas. Quelle & Meyer Verlag Wiebelsheim. 920pp.";"Abeilles";444787
239905;"Macropis fulvipes";"(Fabricius, 1804)";NA;NA;NA;NA;NA;"Arthropoda";"Insecta";"Hymenoptera";"Melittidae";"Melittinae";NA;"Macropis";NA;NA;NA;"slightly inclined";"Scheuchl E., Willner W. 2016. Taschenlexikon der Wildbienen Europas. Quelle & Meyer Verlag Wiebelsheim. 920pp.";"Abeilles";444787
239919;"Megachile leachella";"Curtis, 1828";NA;NA;NA;NA;NA;"Arthropoda";"Insecta";"Hymenoptera";"Megachilidae";"Megachilinae";"Megachilini";"Megachile";NA;NA;NA;"horizontal";"Scheuchl E., Willner W. 2016. Taschenlexikon der Wildbienen Europas. Quelle & Meyer Verlag Wiebelsheim. 920pp.";"Abeilles";444787
239919;"Megachile leachella";"Curtis, 1828";NA;NA;NA;NA;NA;"Arthropoda";"Insecta";"Hymenoptera";"Megachilidae";"Megachilinae";"Megachilini";"Megachile";NA;NA;NA;"slightly inclined";"Scheuchl E., Willner W. 2016. Taschenlexikon der Wildbienen Europas. Quelle & Meyer Verlag Wiebelsheim. 920pp.";"Abeilles";444787
712923;"Megachile parietina";"(Geoffroy in Fourcroy, 1785)";NA;NA;NA;NA;NA;"Arthropoda";"Insecta";"Hymenoptera";"Megachilidae";"Megachilinae";"Megachilini";"Megachile";NA;NA;NA;"vertical";"Scheuchl E., Willner W. 2016. Taschenlexikon der Wildbienen Europas. Quelle & Meyer Verlag Wiebelsheim. 920pp.";"Abeilles";444787
1021872;"Megachile argentata";"(Fabricius, 1793)";NA;NA;NA;NA;NA;"Arthropoda";"Insecta";"Hymenoptera";"Megachilidae";"Megachilinae";"Megachilini";"Megachile";NA;NA;NA;"horizontal";"Scheuchl E., Willner W. 2016. Taschenlexikon der Wildbienen Europas. Quelle & Meyer Verlag Wiebelsheim. 920pp.";"Abeilles";444787
1021872;"Megachile argentata";"(Fabricius, 1793)";NA;NA;NA;NA;NA;"Arthropoda";"Insecta";"Hymenoptera";"Megachilidae";"Megachilinae";"Megachilini";"Megachile";NA;NA;NA;"vertical";"Scheuchl E., Willner W. 2016. Taschenlexikon der Wildbienen Europas. Quelle & Meyer Verlag Wiebelsheim. 920pp.";"Abeilles";444787
239930;"Megachile rotundata";"(Fabricius, 1787)";NA;NA;NA;NA;NA;"Arthropoda";"Insecta";"Hymenoptera";"Megachilidae";"Megachilinae";"Megachilini";"Megachile";NA;NA;NA;"horizontal";"Scheuchl E., Willner W. 2016. Taschenlexikon der Wildbienen Europas. Quelle & Meyer Verlag Wiebelsheim. 920pp.";"Abeilles";444787
239930;"Megachile rotundata";"(Fabricius, 1787)";NA;NA;NA;NA;NA;"Arthropoda";"Insecta";"Hymenoptera";"Megachilidae";"Megachilinae";"Megachilini";"Megachile";NA;NA;NA;"vertical";"Scheuchl E., Willner W. 2016. Taschenlexikon der Wildbienen Europas. Quelle & Meyer Verlag Wiebelsheim. 920pp.";"Abeilles";444787
1021872;"Megachile argentata";"(Fabricius, 1793)";NA;NA;NA;NA;NA;"Arthropoda";"Insecta";"Hymenoptera";"Megachilidae";"Megachilinae";"Megachilini";"Megachile";NA;NA;NA;"horizontal";"Benoist R., 1940. Remarques sur quelques espèces de Mégachiles principalement de la faune française. Annales de la Société Entomologique de France, 109 : 41-88.";"Abeilles";412674
1021872;"Megachile argentata";"(Fabricius, 1793)";NA;NA;NA;NA;NA;"Arthropoda";"Insecta";"Hymenoptera";"Megachilidae";"Megachilinae";"Megachilini";"Megachile";NA;NA;NA;"vertical";"Benoist R., 1940. Remarques sur quelques espèces de Mégachiles principalement de la faune française. Annales de la Société Entomologique de France, 109 : 41-88.";"Abeilles";412674
239944;"Melitta dimidiata";"Morawitz, 1875";NA;NA;NA;NA;NA;"Arthropoda";"Insecta";"Hymenoptera";"Melittidae";"Melittinae";NA;"Melitta";NA;NA;NA;"horizontal";"Scheuchl E., Willner W. 2016. Taschenlexikon der Wildbienen Europas. Quelle & Meyer Verlag Wiebelsheim. 920pp.";"Abeilles";444787
239944;"Melitta dimidiata";"Morawitz, 1875";NA;NA;NA;NA;NA;"Arthropoda";"Insecta";"Hymenoptera";"Melittidae";"Melittinae";NA;"Melitta";NA;NA;NA;"slightly inclined";"Scheuchl E., Willner W. 2016. Taschenlexikon der Wildbienen Europas. Quelle & Meyer Verlag Wiebelsheim. 920pp.";"Abeilles";444787
239945;"Melitta haemorrhoidalis";"(Fabricius, 1775)";NA;NA;NA;NA;NA;"Arthropoda";"Insecta";"Hymenoptera";"Melittidae";"Melittinae";NA;"Melitta";NA;NA;NA;"horizontal";"Scheuchl E., Willner W. 2016. Taschenlexikon der Wildbienen Europas. Quelle & Meyer Verlag Wiebelsheim. 920pp.";"Abeilles";444787
239945;"Melitta haemorrhoidalis";"(Fabricius, 1775)";NA;NA;NA;NA;NA;"Arthropoda";"Insecta";"Hymenoptera";"Melittidae";"Melittinae";NA;"Melitta";NA;NA;NA;"slightly inclined";"Scheuchl E., Willner W. 2016. Taschenlexikon der Wildbienen Europas. Quelle & Meyer Verlag Wiebelsheim. 920pp.";"Abeilles";444787
239947;"Melitta nigricans";"Alfken, 1905";NA;NA;NA;NA;NA;"Arthropoda";"Insecta";"Hymenoptera";"Melittidae";"Melittinae";NA;"Melitta";NA;NA;NA;"horizontal";"Scheuchl E., Willner W. 2016. Taschenlexikon der Wildbienen Europas. Quelle & Meyer Verlag Wiebelsheim. 920pp.";"Abeilles";444787
239947;"Melitta nigricans";"Alfken, 1905";NA;NA;NA;NA;NA;"Arthropoda";"Insecta";"Hymenoptera";"Melittidae";"Melittinae";NA;"Melitta";NA;NA;NA;"slightly inclined";"Scheuchl E., Willner W. 2016. Taschenlexikon der Wildbienen Europas. Quelle & Meyer Verlag Wiebelsheim. 920pp.";"Abeilles";444787
239948;"Melitta tricincta";"Kirby, 1802";NA;NA;NA;NA;NA;"Arthropoda";"Insecta";"Hymenoptera";"Melittidae";"Melittinae";NA;"Melitta";NA;NA;NA;"horizontal";"Scheuchl E., Willner W. 2016. Taschenlexikon der Wildbienen Europas. Quelle & Meyer Verlag Wiebelsheim. 920pp.";"Abeilles";444787
239948;"Melitta tricincta";"Kirby, 1802";NA;NA;NA;NA;NA;"Arthropoda";"Insecta";"Hymenoptera";"Melittidae";"Melittinae";NA;"Melitta";NA;NA;NA;"slightly inclined";"Scheuchl E., Willner W. 2016. Taschenlexikon der Wildbienen Europas. Quelle & Meyer Verlag Wiebelsheim. 920pp.";"Abeilles";444787
239950;"Melitturga clavicornis";"(Latreille, 1806)";NA;NA;NA;NA;NA;"Arthropoda";"Insecta";"Hymenoptera";"Andrenidae";"Panurginae";"Melitturgini";"Melitturga";NA;NA;NA;"horizontal";"Scheuchl E., Willner W. 2016. Taschenlexikon der Wildbienen Europas. Quelle & Meyer Verlag Wiebelsheim. 920pp.";"Abeilles";444787
239950;"Melitturga clavicornis";"(Latreille, 1806)";NA;NA;NA;NA;NA;"Arthropoda";"Insecta";"Hymenoptera";"Andrenidae";"Panurginae";"Melitturgini";"Melitturga";NA;NA;NA;"slightly inclined";"Scheuchl E., Willner W. 2016. Taschenlexikon der Wildbienen Europas. Quelle & Meyer Verlag Wiebelsheim. 920pp.";"Abeilles";444787
814900;"Osmia bidentata";"Morawitz, 1875";NA;NA;NA;NA;NA;"Arthropoda";"Insecta";"Hymenoptera";"Megachilidae";"Megachilinae";"Osmiini";"Osmia";NA;NA;NA;"horizontal";"Scheuchl E., Willner W. 2016. Taschenlexikon der Wildbienen Europas. Quelle & Meyer Verlag Wiebelsheim. 920pp.";"Abeilles";444787
814900;"Osmia bidentata";"Morawitz, 1875";NA;NA;NA;NA;NA;"Arthropoda";"Insecta";"Hymenoptera";"Megachilidae";"Megachilinae";"Osmiini";"Osmia";NA;NA;NA;"slightly inclined";"Scheuchl E., Willner W. 2016. Taschenlexikon der Wildbienen Europas. Quelle & Meyer Verlag Wiebelsheim. 920pp.";"Abeilles";444787
240086;"Panurgus banksianus";"(Kirby, 1802)";NA;NA;NA;NA;NA;"Arthropoda";"Insecta";"Hymenoptera";"Andrenidae";"Panurginae";"Panurgini";"Panurgus";NA;NA;NA;"horizontal";"Scheuchl E., Willner W. 2016. Taschenlexikon der Wildbienen Europas. Quelle & Meyer Verlag Wiebelsheim. 920pp.";"Abeilles";444787
240086;"Panurgus banksianus";"(Kirby, 1802)";NA;NA;NA;NA;NA;"Arthropoda";"Insecta";"Hymenoptera";"Andrenidae";"Panurginae";"Panurgini";"Panurgus";NA;NA;NA;"slightly inclined";"Scheuchl E., Willner W. 2016. Taschenlexikon der Wildbienen Europas. Quelle & Meyer Verlag Wiebelsheim. 920pp.";"Abeilles";444787
240087;"Panurgus calcaratus";"(Scopoli, 1763)";NA;NA;NA;NA;NA;"Arthropoda";"Insecta";"Hymenoptera";"Andrenidae";"Panurginae";"Panurgini";"Panurgus";NA;NA;NA;"horizontal";"Scheuchl E., Willner W. 2016. Taschenlexikon der Wildbienen Europas. Quelle & Meyer Verlag Wiebelsheim. 920pp.";"Abeilles";444787
240087;"Panurgus calcaratus";"(Scopoli, 1763)";NA;NA;NA;NA;NA;"Arthropoda";"Insecta";"Hymenoptera";"Andrenidae";"Panurginae";"Panurgini";"Panurgus";NA;NA;NA;"slightly inclined";"Scheuchl E., Willner W. 2016. Taschenlexikon der Wildbienen Europas. Quelle & Meyer Verlag Wiebelsheim. 920pp.";"Abeilles";444787
240091;"Panurgus dentipes";"Latreille, 1811";NA;NA;NA;NA;NA;"Arthropoda";"Insecta";"Hymenoptera";"Andrenidae";"Panurginae";"Panurgini";"Panurgus";NA;NA;NA;"horizontal";"Scheuchl E., Willner W. 2016. Taschenlexikon der Wildbienen Europas. Quelle & Meyer Verlag Wiebelsheim. 920pp.";"Abeilles";444787
240091;"Panurgus dentipes";"Latreille, 1811";NA;NA;NA;NA;NA;"Arthropoda";"Insecta";"Hymenoptera";"Andrenidae";"Panurginae";"Panurgini";"Panurgus";NA;NA;NA;"slightly inclined";"Scheuchl E., Willner W. 2016. Taschenlexikon der Wildbienen Europas. Quelle & Meyer Verlag Wiebelsheim. 920pp.";"Abeilles";444787
808474;"Rhophitoides canus";"(Eversmann, 1852)";NA;NA;NA;NA;NA;"Arthropoda";"Insecta";"Hymenoptera";"Halictidae";"Rophitinae";NA;"Rhophitoides";NA;NA;NA;"horizontal";"Scheuchl E., Willner W. 2016. Taschenlexikon der Wildbienen Europas. Quelle & Meyer Verlag Wiebelsheim. 920pp.";"Abeilles";444787
240107;"Rophites algirus";"Perez, 1895";NA;NA;NA;NA;NA;"Arthropoda";"Insecta";"Hymenoptera";"Halictidae";"Rophitinae";NA;"Rophites";NA;NA;NA;"horizontal";"Scheuchl E., Willner W. 2016. Taschenlexikon der Wildbienen Europas. Quelle & Meyer Verlag Wiebelsheim. 920pp.";"Abeilles";444787
240109;"Rophites quinquespinosus";"Spinola, 1807";NA;NA;NA;NA;NA;"Arthropoda";"Insecta";"Hymenoptera";"Halictidae";"Rophitinae";NA;"Rophites";NA;NA;NA;"horizontal";"Scheuchl E., Willner W. 2016. Taschenlexikon der Wildbienen Europas. Quelle & Meyer Verlag Wiebelsheim. 920pp.";"Abeilles";444787
850159;"Seladonia kessleri";"(Bramson, 1879)";NA;NA;NA;NA;NA;"Arthropoda";"Insecta";"Hymenoptera";"Halictidae";"Halictinae";"Halictini";"Seladonia";NA;NA;NA;"horizontal";"Scheuchl E., Willner W. 2016. Taschenlexikon der Wildbienen Europas. Quelle & Meyer Verlag Wiebelsheim. 920pp.";"Abeilles";444787
850160;"Seladonia leucahenea";"(Ebmer, 1972)";NA;NA;NA;NA;NA;"Arthropoda";"Insecta";"Hymenoptera";"Halictidae";"Halictinae";"Halictini";"Seladonia";NA;NA;NA;"horizontal";"Scheuchl E., Willner W. 2016. Taschenlexikon der Wildbienen Europas. Quelle & Meyer Verlag Wiebelsheim. 920pp.";"Abeilles";444787
839091;"Seladonia subaurata";"(Rossi, 1792)";NA;NA;NA;NA;NA;"Arthropoda";"Insecta";"Hymenoptera";"Halictidae";"Halictinae";"Halictini";"Seladonia";NA;NA;NA;"horizontal";"Scheuchl E., Willner W. 2016. Taschenlexikon der Wildbienen Europas. Quelle & Meyer Verlag Wiebelsheim. 920pp.";"Abeilles";444787
839091;"Seladonia subaurata";"(Rossi, 1792)";NA;NA;NA;NA;NA;"Arthropoda";"Insecta";"Hymenoptera";"Halictidae";"Halictinae";"Halictini";"Seladonia";NA;NA;NA;"slightly inclined";"Scheuchl E., Willner W. 2016. Taschenlexikon der Wildbienen Europas. Quelle & Meyer Verlag Wiebelsheim. 920pp.";"Abeilles";444787
240147;"Systropha curvicornis";"(Scopoli, 1770)";NA;NA;NA;NA;NA;"Arthropoda";"Insecta";"Hymenoptera";"Halictidae";"Rophitinae";NA;"Systropha";NA;NA;NA;"horizontal";"Scheuchl E., Willner W. 2016. Taschenlexikon der Wildbienen Europas. Quelle & Meyer Verlag Wiebelsheim. 920pp.";"Abeilles";444787
240147;"Systropha curvicornis";"(Scopoli, 1770)";NA;NA;NA;NA;NA;"Arthropoda";"Insecta";"Hymenoptera";"Halictidae";"Rophitinae";NA;"Systropha";NA;NA;NA;"slightly inclined";"Scheuchl E., Willner W. 2016. Taschenlexikon der Wildbienen Europas. Quelle & Meyer Verlag Wiebelsheim. 920pp.";"Abeilles";444787
240148;"Systropha planidens";"Giraud, 1861";NA;NA;NA;NA;NA;"Arthropoda";"Insecta";"Hymenoptera";"Halictidae";"Rophitinae";NA;"Systropha";NA;NA;NA;"horizontal";"Scheuchl E., Willner W. 2016. Taschenlexikon der Wildbienen Europas. Quelle & Meyer Verlag Wiebelsheim. 920pp.";"Abeilles";444787
240148;"Systropha planidens";"Giraud, 1861";NA;NA;NA;NA;NA;"Arthropoda";"Insecta";"Hymenoptera";"Halictidae";"Rophitinae";NA;"Systropha";NA;NA;NA;"slightly inclined";"Scheuchl E., Willner W. 2016. Taschenlexikon der Wildbienen Europas. Quelle & Meyer Verlag Wiebelsheim. 920pp.";"Abeilles";444787
240151;"Tetralonia malvae";"(Rossi, 1790)";NA;NA;NA;NA;NA;"Arthropoda";"Insecta";"Hymenoptera";"Apidae";"Eucerinae";"Eucerini";"Tetralonia";NA;NA;NA;"horizontal";"Scheuchl E., Willner W. 2016. Taschenlexikon der Wildbienen Europas. Quelle & Meyer Verlag Wiebelsheim. 920pp.";"Abeilles";444787
240151;"Tetralonia malvae";"(Rossi, 1790)";NA;NA;NA;NA;NA;"Arthropoda";"Insecta";"Hymenoptera";"Apidae";"Eucerinae";"Eucerini";"Tetralonia";NA;NA;NA;"slightly inclined";"Scheuchl E., Willner W. 2016. Taschenlexikon der Wildbienen Europas. Quelle & Meyer Verlag Wiebelsheim. 920pp.";"Abeilles";444787
816791;"Tetralonia alticincta";"(Lepeletier, 1841)";NA;NA;NA;NA;NA;"Arthropoda";"Insecta";"Hymenoptera";"Apidae";"Eucerinae";"Eucerini";"Tetralonia";NA;NA;NA;"horizontal";"Scheuchl E., Willner W. 2016. Taschenlexikon der Wildbienen Europas. Quelle & Meyer Verlag Wiebelsheim. 920pp.";"Abeilles";444787
816791;"Tetralonia alticincta";"(Lepeletier, 1841)";NA;NA;NA;NA;NA;"Arthropoda";"Insecta";"Hymenoptera";"Apidae";"Eucerinae";"Eucerini";"Tetralonia";NA;NA;NA;"slightly inclined";"Scheuchl E., Willner W. 2016. Taschenlexikon der Wildbienen Europas. Quelle & Meyer Verlag Wiebelsheim. 920pp.";"Abeilles";444787
1031344;"Tetralonia dentata";"(Germar, 1839)";NA;NA;NA;NA;NA;"Arthropoda";"Insecta";"Hymenoptera";"Apidae";"Eucerinae";"Eucerini";"Tetralonia";NA;NA;NA;"horizontal";"Scheuchl E., Willner W. 2016. Taschenlexikon der Wildbienen Europas. Quelle & Meyer Verlag Wiebelsheim. 920pp.";"Abeilles";444787
1031344;"Tetralonia dentata";"(Germar, 1839)";NA;NA;NA;NA;NA;"Arthropoda";"Insecta";"Hymenoptera";"Apidae";"Eucerinae";"Eucerini";"Tetralonia";NA;NA;NA;"slightly inclined";"Scheuchl E., Willner W. 2016. Taschenlexikon der Wildbienen Europas. Quelle & Meyer Verlag Wiebelsheim. 920pp.";"Abeilles";444787
998658;"Tetralonia fulvescens";"Giraud, 1863";NA;NA;NA;NA;NA;"Arthropoda";"Insecta";"Hymenoptera";"Apidae";"Eucerinae";"Eucerini";"Tetralonia";NA;NA;NA;"horizontal";"Scheuchl E., Willner W. 2016. Taschenlexikon der Wildbienen Europas. Quelle & Meyer Verlag Wiebelsheim. 920pp.";"Abeilles";444787
998658;"Tetralonia fulvescens";"Giraud, 1863";NA;NA;NA;NA;NA;"Arthropoda";"Insecta";"Hymenoptera";"Apidae";"Eucerinae";"Eucerini";"Tetralonia";NA;NA;NA;"slightly inclined";"Scheuchl E., Willner W. 2016. Taschenlexikon der Wildbienen Europas. Quelle & Meyer Verlag Wiebelsheim. 920pp.";"Abeilles";444787
240156;"Tetralonia salicariae";"(Lepeletier, 1841)";NA;NA;NA;NA;NA;"Arthropoda";"Insecta";"Hymenoptera";"Apidae";"Eucerinae";"Eucerini";"Tetralonia";NA;NA;NA;"horizontal";"Scheuchl E., Willner W. 2016. Taschenlexikon der Wildbienen Europas. Quelle & Meyer Verlag Wiebelsheim. 920pp.";"Abeilles";444787
240156;"Tetralonia salicariae";"(Lepeletier, 1841)";NA;NA;NA;NA;NA;"Arthropoda";"Insecta";"Hymenoptera";"Apidae";"Eucerinae";"Eucerini";"Tetralonia";NA;NA;NA;"slightly inclined";"Scheuchl E., Willner W. 2016. Taschenlexikon der Wildbienen Europas. Quelle & Meyer Verlag Wiebelsheim. 920pp.";"Abeilles";444787
815229;"Trachusa byssina";"(Panzer, 1798)";NA;NA;NA;NA;NA;"Arthropoda";"Insecta";"Hymenoptera";"Megachilidae";"Megachilinae";"Anthidiini";"Trachusa";NA;NA;NA;"slightly inclined";"Scheuchl E., Willner W. 2016. Taschenlexikon der Wildbienen Europas. Quelle & Meyer Verlag Wiebelsheim. 920pp.";"Abeilles";444787
240175;"Trachusa interrupta";"(Fabricius, 1781)";NA;NA;NA;NA;NA;"Arthropoda";"Insecta";"Hymenoptera";"Megachilidae";"Megachilinae";"Anthidiini";"Trachusa";NA;NA;NA;"slightly inclined";"Scheuchl E., Willner W. 2016. Taschenlexikon der Wildbienen Europas. Quelle & Meyer Verlag Wiebelsheim. 920pp.";"Abeilles";444787
