"BeeFuncID";"VALID_NAME";"CD_NOM";"LB_NOM";"LB_AUTHOR";"INHERITED_FROM";"LB_NOM_INHERITED_FROM";"LB_AUTEUR_INHERITED_FROM";"ORIGIN";"KINGDOM";"PHYLUM";"CLASS";"ORDER";"FAMILY";"SUBFAMILY";"TRIBE";"GENUS";"GROUP1_INPN";"GROUP2_INPN";"GROUP3_INPN";"MATERIALS";"MATERIAL_TYPE";"SOURCE";"DATASET_TITLE";"SOURCE_ID"
"bfNestMat1";"Andrena chrysosceles (Kirby, 1802)";"239325";"Andrena chrysosceles";"(Kirby, 1802)";NA;NA;NA;NA;NA;"Arthropoda";"Insecta";"Hymenoptera";"Andrenidae";"Andreninae";NA;"Andrena";NA;NA;NA;"soil";"mineral";"SwissBeeTeam. 2018. Atlas en ligne des abeilles sauvages de Suisse. InfoFauna. http://swisswildbee.ch.";"Abeilles";444815
"bfNestMat2";"Andrena fulva (Muller, 1766)";"53079";"Andrena fulva";"(Muller, 1766)";NA;NA;NA;NA;NA;"Arthropoda";"Insecta";"Hymenoptera";"Andrenidae";"Andreninae";NA;"Andrena";NA;NA;NA;"soil";"mineral";"Genoud D. 2016. Diversite des abeilles sauvages (Hymenoptera : Apoidea) de l'île de Porquerolles (France, Var), Sci. Rep. Port Cros national Park, 30: 95-143.";"Abeilles";444912
"bfNestMat3";"Anthidiellum strigatum (Panzer, 1802)";"239470";"Anthidiellum strigatum";"(Panzer, 1802)";NA;NA;NA;NA;NA;"Arthropoda";"Insecta";"Hymenoptera";"Megachilidae";"Megachilinae";"Anthidiini";"Anthidiellum";NA;NA;NA;"resin";"vegetal";"Scheuchl E., Willner W. 2016. Taschenlexikon der Wildbienen Europas. Quelle & Meyer Verlag Wiebelsheim. 920pp.";"Abeilles";444787
"bfNestMat4";"Anthidium cingulatum Latreille, 1809";"239472";"Anthidium cingulatum";"Latreille, 1809";NA;NA;NA;NA;NA;"Arthropoda";"Insecta";"Hymenoptera";"Megachilidae";"Megachilinae";"Anthidiini";"Anthidium";NA;NA;NA;"fibers";"vegetal";"Scheuchl E., Willner W. 2016. Taschenlexikon der Wildbienen Europas. Quelle & Meyer Verlag Wiebelsheim. 920pp.";"Abeilles";444787
"bfNestMat5";"Anthidium diadema Latreille, 1809";"239473";"Anthidium diadema";"Latreille, 1809";NA;NA;NA;NA;NA;"Arthropoda";"Insecta";"Hymenoptera";"Megachilidae";"Megachilinae";"Anthidiini";"Anthidium";NA;NA;NA;"fibers";"vegetal";"Scheuchl E., Willner W. 2016. Taschenlexikon der Wildbienen Europas. Quelle & Meyer Verlag Wiebelsheim. 920pp.";"Abeilles";444787
"bfNestMat6";"Anthidium florentinum (Fabricius, 1775)";"239474";"Anthidium florentinum";"(Fabricius, 1775)";NA;NA;NA;NA;NA;"Arthropoda";"Insecta";"Hymenoptera";"Megachilidae";"Megachilinae";"Anthidiini";"Anthidium";NA;NA;NA;"fibers";"vegetal";"Scheuchl E., Willner W. 2016. Taschenlexikon der Wildbienen Europas. Quelle & Meyer Verlag Wiebelsheim. 920pp.";"Abeilles";444787
"bfNestMat7";"Anthidium florentinum (Fabricius, 1775)";"239474";"Anthidium florentinum";"(Fabricius, 1775)";NA;NA;NA;NA;NA;"Arthropoda";"Insecta";"Hymenoptera";"Megachilidae";"Megachilinae";"Anthidiini";"Anthidium";NA;NA;NA;"leaves";"vegetal";"Scheuchl E., Willner W. 2016. Taschenlexikon der Wildbienen Europas. Quelle & Meyer Verlag Wiebelsheim. 920pp.";"Abeilles";444787
"bfNestMat8";"Anthidium loti Perris, 1852";"239476";"Anthidium loti";"Perris, 1852";NA;NA;NA;NA;NA;"Arthropoda";"Insecta";"Hymenoptera";"Megachilidae";"Megachilinae";"Anthidiini";"Anthidium";NA;NA;NA;"fibers";"vegetal";"Scheuchl E., Willner W. 2016. Taschenlexikon der Wildbienen Europas. Quelle & Meyer Verlag Wiebelsheim. 920pp.";"Abeilles";444787
"bfNestMat9";"Anthidium manicatum (Linnaeus, 1758)";"53081";"Anthidium manicatum";"(Linnaeus, 1758)";NA;NA;NA;NA;NA;"Arthropoda";"Insecta";"Hymenoptera";"Megachilidae";"Megachilinae";"Anthidiini";"Anthidium";NA;NA;NA;"pebbles";"mineral";"Scheuchl E., Willner W. 2016. Taschenlexikon der Wildbienen Europas. Quelle & Meyer Verlag Wiebelsheim. 920pp.";"Abeilles";444787
"bfNestMat10";"Anthidium manicatum (Linnaeus, 1758)";"53081";"Anthidium manicatum";"(Linnaeus, 1758)";NA;NA;NA;NA;NA;"Arthropoda";"Insecta";"Hymenoptera";"Megachilidae";"Megachilinae";"Anthidiini";"Anthidium";NA;NA;NA;"fibers";"vegetal";"Scheuchl E., Willner W. 2016. Taschenlexikon der Wildbienen Europas. Quelle & Meyer Verlag Wiebelsheim. 920pp.";"Abeilles";444787
"bfNestMat11";"Anthidium manicatum (Linnaeus, 1758)";"53081";"Anthidium manicatum";"(Linnaeus, 1758)";NA;NA;NA;NA;NA;"Arthropoda";"Insecta";"Hymenoptera";"Megachilidae";"Megachilinae";"Anthidiini";"Anthidium";NA;NA;NA;"leaves";"vegetal";"Scheuchl E., Willner W. 2016. Taschenlexikon der Wildbienen Europas. Quelle & Meyer Verlag Wiebelsheim. 920pp.";"Abeilles";444787
"bfNestMat12";"Anthidium manicatum (Linnaeus, 1758)";"53081";"Anthidium manicatum";"(Linnaeus, 1758)";NA;NA;NA;NA;NA;"Arthropoda";"Insecta";"Hymenoptera";"Megachilidae";"Megachilinae";"Anthidiini";"Anthidium";NA;NA;NA;"soil";"mineral";"Scheuchl E., Willner W. 2016. Taschenlexikon der Wildbienen Europas. Quelle & Meyer Verlag Wiebelsheim. 920pp.";"Abeilles";444787
"bfNestMat13";"Anthidium montanum Morawitz, 1865";"53082";"Anthidium montanum";"Morawitz, 1865";NA;NA;NA;NA;NA;"Arthropoda";"Insecta";"Hymenoptera";"Megachilidae";"Megachilinae";"Anthidiini";"Anthidium";NA;NA;NA;"fibers";"vegetal";"Scheuchl E., Willner W. 2016. Taschenlexikon der Wildbienen Europas. Quelle & Meyer Verlag Wiebelsheim. 920pp.";"Abeilles";444787
"bfNestMat14";"Anthidium oblongatum (Illiger, 1806)";"239478";"Anthidium oblongatum";"(Illiger, 1806)";NA;NA;NA;NA;NA;"Arthropoda";"Insecta";"Hymenoptera";"Megachilidae";"Megachilinae";"Anthidiini";"Anthidium";NA;NA;NA;"fibers";"vegetal";"Scheuchl E., Willner W. 2016. Taschenlexikon der Wildbienen Europas. Quelle & Meyer Verlag Wiebelsheim. 920pp.";"Abeilles";444787
"bfNestMat15";"Anthidium punctatum Latreille, 1809";"53083";"Anthidium punctatum";"Latreille, 1809";NA;NA;NA;NA;NA;"Arthropoda";"Insecta";"Hymenoptera";"Megachilidae";"Megachilinae";"Anthidiini";"Anthidium";NA;NA;NA;"fibers";"vegetal";"Scheuchl E., Willner W. 2016. Taschenlexikon der Wildbienen Europas. Quelle & Meyer Verlag Wiebelsheim. 920pp.";"Abeilles";444787
"bfNestMat16";"Anthidium punctatum Latreille, 1809";"53083";"Anthidium punctatum";"Latreille, 1809";NA;NA;NA;NA;NA;"Arthropoda";"Insecta";"Hymenoptera";"Megachilidae";"Megachilinae";"Anthidiini";"Anthidium";NA;NA;NA;"leaves";"vegetal";"Scheuchl E., Willner W. 2016. Taschenlexikon der Wildbienen Europas. Quelle & Meyer Verlag Wiebelsheim. 920pp.";"Abeilles";444787
"bfNestMat17";"Anthidium punctatum Latreille, 1809";"53083";"Anthidium punctatum";"Latreille, 1809";NA;NA;NA;NA;NA;"Arthropoda";"Insecta";"Hymenoptera";"Megachilidae";"Megachilinae";"Anthidiini";"Anthidium";NA;NA;NA;"soil";"mineral";"Scheuchl E., Willner W. 2016. Taschenlexikon der Wildbienen Europas. Quelle & Meyer Verlag Wiebelsheim. 920pp.";"Abeilles";444787
"bfNestMat18";"Anthidium septemspinosum Lepeletier, 1841";"239480";"Anthidium septemspinosum";"Lepeletier, 1841";NA;NA;NA;NA;NA;"Arthropoda";"Insecta";"Hymenoptera";"Megachilidae";"Megachilinae";"Anthidiini";"Anthidium";NA;NA;NA;"fibers";"vegetal";"Sugiura, N. 1991. Male territoriality and mating tactics in the wool-carder bee,Anthidium septemspinosum Lepeletier (Hymenoptera: Megachilidae). Journal of Ethology, 9(2): 95-103.";"Abeilles";447740
"bfNestMat19";"Anthophora balneorum Lepeletier, 1841";"239488";"Anthophora balneorum";"Lepeletier, 1841";NA;NA;NA;NA;NA;"Arthropoda";"Insecta";"Hymenoptera";"Apidae";"Anthophorinae";NA;"Anthophora";NA;NA;NA;"pebbles";"mineral";"Scheuchl E., Willner W. 2016. Taschenlexikon der Wildbienen Europas. Quelle & Meyer Verlag Wiebelsheim. 920pp.";"Abeilles";444787
"bfNestMat20";"Anthophora furcata (Panzer, 1798)";"239500";"Anthophora furcata";"(Panzer, 1798)";NA;NA;NA;NA;NA;"Arthropoda";"Insecta";"Hymenoptera";"Apidae";"Anthophorinae";NA;"Anthophora";NA;NA;NA;"plant particules";"vegetal";"Scheuchl E., Willner W. 2016. Taschenlexikon der Wildbienen Europas. Quelle & Meyer Verlag Wiebelsheim. 920pp.";"Abeilles";444787
"bfNestMat21";"Anthophora plagiata (Illiger, 1806)";"239507";"Anthophora plagiata";"(Illiger, 1806)";NA;NA;NA;NA;NA;"Arthropoda";"Insecta";"Hymenoptera";"Apidae";"Anthophorinae";NA;"Anthophora";NA;NA;NA;"water";"mineral";"Scheuchl E., Willner W. 2016. Taschenlexikon der Wildbienen Europas. Quelle & Meyer Verlag Wiebelsheim. 920pp.";"Abeilles";444787
"bfNestMat22";"Anthophora plagiata (Illiger, 1806)";"239507";"Anthophora plagiata";"(Illiger, 1806)";NA;NA;NA;NA;NA;"Arthropoda";"Insecta";"Hymenoptera";"Apidae";"Anthophorinae";NA;"Anthophora";NA;NA;NA;"soil";"mineral";"Scheuchl E., Willner W. 2016. Taschenlexikon der Wildbienen Europas. Quelle & Meyer Verlag Wiebelsheim. 920pp.";"Abeilles";444787
"bfNestMat23";"Bombus gerstaeckeri Morawitz, 1881";"239535";"Bombus gerstaeckeri";"Morawitz, 1881";NA;NA;NA;NA;NA;"Arthropoda";"Insecta";"Hymenoptera";"Apidae";"Apinae";"Bombini";"Bombus";NA;NA;NA;"leaves";"vegetal";"Scheuchl E., Willner W. 2016. Taschenlexikon der Wildbienen Europas. Quelle & Meyer Verlag Wiebelsheim. 920pp.";"Abeilles";444787
"bfNestMat24";"Bombus gerstaeckeri Morawitz, 1881";"239535";"Bombus gerstaeckeri";"Morawitz, 1881";NA;NA;NA;NA;NA;"Arthropoda";"Insecta";"Hymenoptera";"Apidae";"Apinae";"Bombini";"Bombus";NA;NA;NA;"grass";"vegetal";"Scheuchl E., Willner W. 2016. Taschenlexikon der Wildbienen Europas. Quelle & Meyer Verlag Wiebelsheim. 920pp.";"Abeilles";444787
"bfNestMat25";"Bombus gerstaeckeri Morawitz, 1881";"239535";"Bombus gerstaeckeri";"Morawitz, 1881";NA;NA;NA;NA;NA;"Arthropoda";"Insecta";"Hymenoptera";"Apidae";"Apinae";"Bombini";"Bombus";NA;NA;NA;"moss";"vegetal";"Scheuchl E., Willner W. 2016. Taschenlexikon der Wildbienen Europas. Quelle & Meyer Verlag Wiebelsheim. 920pp.";"Abeilles";444787
"bfNestMat26";"Chelostoma campanularum (Kirby, 1802)";"239584";"Chelostoma campanularum";"(Kirby, 1802)";NA;NA;NA;NA;NA;"Arthropoda";"Insecta";"Hymenoptera";"Megachilidae";"Megachilinae";"Osmiini";"Chelostoma";NA;NA;NA;"clay";"mineral";"Scheuchl E., Willner W. 2016. Taschenlexikon der Wildbienen Europas. Quelle & Meyer Verlag Wiebelsheim. 920pp.";"Abeilles";444787
"bfNestMat27";"Chelostoma campanularum (Kirby, 1802)";"239584";"Chelostoma campanularum";"(Kirby, 1802)";NA;NA;NA;NA;NA;"Arthropoda";"Insecta";"Hymenoptera";"Megachilidae";"Megachilinae";"Osmiini";"Chelostoma";NA;NA;NA;"sand";"mineral";"Scheuchl E., Willner W. 2016. Taschenlexikon der Wildbienen Europas. Quelle & Meyer Verlag Wiebelsheim. 920pp.";"Abeilles";444787
"bfNestMat28";"Chelostoma distinctum (Stockhert, 1929)";"239586";"Chelostoma distinctum";"(Stockhert, 1929)";NA;NA;NA;NA;NA;"Arthropoda";"Insecta";"Hymenoptera";"Megachilidae";"Megachilinae";"Osmiini";"Chelostoma";NA;NA;NA;"clay";"mineral";"Scheuchl E., Willner W. 2016. Taschenlexikon der Wildbienen Europas. Quelle & Meyer Verlag Wiebelsheim. 920pp.";"Abeilles";444787
"bfNestMat29";"Chelostoma distinctum (Stockhert, 1929)";"239586";"Chelostoma distinctum";"(Stockhert, 1929)";NA;NA;NA;NA;NA;"Arthropoda";"Insecta";"Hymenoptera";"Megachilidae";"Megachilinae";"Osmiini";"Chelostoma";NA;NA;NA;"sand";"mineral";"Scheuchl E., Willner W. 2016. Taschenlexikon der Wildbienen Europas. Quelle & Meyer Verlag Wiebelsheim. 920pp.";"Abeilles";444787
"bfNestMat30";"Chelostoma florisomne (Linnaeus, 1758)";"239588";"Chelostoma florisomne";"(Linnaeus, 1758)";NA;NA;NA;NA;NA;"Arthropoda";"Insecta";"Hymenoptera";"Megachilidae";"Megachilinae";"Osmiini";"Chelostoma";NA;NA;NA;"clay";"mineral";"Scheuchl E., Willner W. 2016. Taschenlexikon der Wildbienen Europas. Quelle & Meyer Verlag Wiebelsheim. 920pp.";"Abeilles";444787
"bfNestMat31";"Chelostoma florisomne (Linnaeus, 1758)";"239588";"Chelostoma florisomne";"(Linnaeus, 1758)";NA;NA;NA;NA;NA;"Arthropoda";"Insecta";"Hymenoptera";"Megachilidae";"Megachilinae";"Osmiini";"Chelostoma";NA;NA;NA;"pebbles";"mineral";"Scheuchl E., Willner W. 2016. Taschenlexikon der Wildbienen Europas. Quelle & Meyer Verlag Wiebelsheim. 920pp.";"Abeilles";444787
"bfNestMat32";"Chelostoma florisomne (Linnaeus, 1758)";"239588";"Chelostoma florisomne";"(Linnaeus, 1758)";NA;NA;NA;NA;NA;"Arthropoda";"Insecta";"Hymenoptera";"Megachilidae";"Megachilinae";"Osmiini";"Chelostoma";NA;NA;NA;"sand";"mineral";"Scheuchl E., Willner W. 2016. Taschenlexikon der Wildbienen Europas. Quelle & Meyer Verlag Wiebelsheim. 920pp.";"Abeilles";444787
"bfNestMat33";"Chelostoma grande (Nylander, 1852)";"239590";"Chelostoma grande";"(Nylander, 1852)";NA;NA;NA;NA;NA;"Arthropoda";"Insecta";"Hymenoptera";"Megachilidae";"Megachilinae";"Osmiini";"Chelostoma";NA;NA;NA;"clay";"mineral";"Scheuchl E., Willner W. 2016. Taschenlexikon der Wildbienen Europas. Quelle & Meyer Verlag Wiebelsheim. 920pp.";"Abeilles";444787
"bfNestMat34";"Chelostoma grande (Nylander, 1852)";"239590";"Chelostoma grande";"(Nylander, 1852)";NA;NA;NA;NA;NA;"Arthropoda";"Insecta";"Hymenoptera";"Megachilidae";"Megachilinae";"Osmiini";"Chelostoma";NA;NA;NA;"sand";"mineral";"Scheuchl E., Willner W. 2016. Taschenlexikon der Wildbienen Europas. Quelle & Meyer Verlag Wiebelsheim. 920pp.";"Abeilles";444787
"bfNestMat35";"Chelostoma rapunculi (Lepeletier, 1841)";"239594";"Chelostoma rapunculi";"(Lepeletier, 1841)";NA;NA;NA;NA;NA;"Arthropoda";"Insecta";"Hymenoptera";"Megachilidae";"Megachilinae";"Osmiini";"Chelostoma";NA;NA;NA;"clay";"mineral";"Scheuchl E., Willner W. 2016. Taschenlexikon der Wildbienen Europas. Quelle & Meyer Verlag Wiebelsheim. 920pp.";"Abeilles";444787
"bfNestMat36";"Chelostoma rapunculi (Lepeletier, 1841)";"239594";"Chelostoma rapunculi";"(Lepeletier, 1841)";NA;NA;NA;NA;NA;"Arthropoda";"Insecta";"Hymenoptera";"Megachilidae";"Megachilinae";"Osmiini";"Chelostoma";NA;NA;NA;"pebbles";"mineral";"Scheuchl E., Willner W. 2016. Taschenlexikon der Wildbienen Europas. Quelle & Meyer Verlag Wiebelsheim. 920pp.";"Abeilles";444787
"bfNestMat37";"Chelostoma rapunculi (Lepeletier, 1841)";"239594";"Chelostoma rapunculi";"(Lepeletier, 1841)";NA;NA;NA;NA;NA;"Arthropoda";"Insecta";"Hymenoptera";"Megachilidae";"Megachilinae";"Osmiini";"Chelostoma";NA;NA;NA;"sand";"mineral";"Scheuchl E., Willner W. 2016. Taschenlexikon der Wildbienen Europas. Quelle & Meyer Verlag Wiebelsheim. 920pp.";"Abeilles";444787
"bfNestMat38";"Heriades crenulata Nylander, 1856";"815169";"Heriades crenulata";"Nylander, 1856";NA;NA;NA;NA;NA;"Arthropoda";"Insecta";"Hymenoptera";"Megachilidae";"Megachilinae";"Osmiini";"Heriades";NA;NA;NA;"pebbles";"mineral";"Scheuchl E., Willner W. 2016. Taschenlexikon der Wildbienen Europas. Quelle & Meyer Verlag Wiebelsheim. 920pp.";"Abeilles";444787
"bfNestMat39";"Heriades crenulata Nylander, 1856";"815169";"Heriades crenulata";"Nylander, 1856";NA;NA;NA;NA;NA;"Arthropoda";"Insecta";"Hymenoptera";"Megachilidae";"Megachilinae";"Osmiini";"Heriades";NA;NA;NA;"plant particules";"vegetal";"Scheuchl E., Willner W. 2016. Taschenlexikon der Wildbienen Europas. Quelle & Meyer Verlag Wiebelsheim. 920pp.";"Abeilles";444787
"bfNestMat40";"Heriades crenulata Nylander, 1856";"815169";"Heriades crenulata";"Nylander, 1856";NA;NA;NA;NA;NA;"Arthropoda";"Insecta";"Hymenoptera";"Megachilidae";"Megachilinae";"Osmiini";"Heriades";NA;NA;NA;"resin";"vegetal";"Scheuchl E., Willner W. 2016. Taschenlexikon der Wildbienen Europas. Quelle & Meyer Verlag Wiebelsheim. 920pp.";"Abeilles";444787
"bfNestMat41";"Heriades rubicola Perez, 1890";"239717";"Heriades rubicola";"Perez, 1890";NA;NA;NA;NA;NA;"Arthropoda";"Insecta";"Hymenoptera";"Megachilidae";"Megachilinae";"Osmiini";"Heriades";NA;NA;NA;"resin";"vegetal";"Scheuchl E., Willner W. 2016. Taschenlexikon der Wildbienen Europas. Quelle & Meyer Verlag Wiebelsheim. 920pp.";"Abeilles";444787
"bfNestMat42";"Heriades truncorum (Linnaeus, 1758)";"239718";"Heriades truncorum";"(Linnaeus, 1758)";NA;NA;NA;NA;NA;"Arthropoda";"Insecta";"Hymenoptera";"Megachilidae";"Megachilinae";"Osmiini";"Heriades";NA;NA;NA;"pebbles";"mineral";"Scheuchl E., Willner W. 2016. Taschenlexikon der Wildbienen Europas. Quelle & Meyer Verlag Wiebelsheim. 920pp.";"Abeilles";444787
"bfNestMat43";"Heriades truncorum (Linnaeus, 1758)";"239718";"Heriades truncorum";"(Linnaeus, 1758)";NA;NA;NA;NA;NA;"Arthropoda";"Insecta";"Hymenoptera";"Megachilidae";"Megachilinae";"Osmiini";"Heriades";NA;NA;NA;"plant particules";"vegetal";"Scheuchl E., Willner W. 2016. Taschenlexikon der Wildbienen Europas. Quelle & Meyer Verlag Wiebelsheim. 920pp.";"Abeilles";444787
"bfNestMat44";"Heriades truncorum (Linnaeus, 1758)";"239718";"Heriades truncorum";"(Linnaeus, 1758)";NA;NA;NA;NA;NA;"Arthropoda";"Insecta";"Hymenoptera";"Megachilidae";"Megachilinae";"Osmiini";"Heriades";NA;NA;NA;"resin";"vegetal";"Scheuchl E., Willner W. 2016. Taschenlexikon der Wildbienen Europas. Quelle & Meyer Verlag Wiebelsheim. 920pp.";"Abeilles";444787
"bfNestMat45";"Hoplitis acuticornis (Dufour & Perris, 1840)";"239719";"Hoplitis acuticornis";"(Dufour & Perris, 1840)";NA;NA;NA;NA;NA;"Arthropoda";"Insecta";"Hymenoptera";"Megachilidae";"Megachilinae";"Osmiini";"Hoplitis";NA;NA;NA;"pith";"vegetal";"Müller, A. 2018. Palaearctic Osmiine Bees. ETH Zürich. http://blogs.ethz.ch/osmiini";"Abeilles";444698
"bfNestMat46";"Hoplitis acuticornis (Dufour & Perris, 1840)";"239719";"Hoplitis acuticornis";"(Dufour & Perris, 1840)";NA;NA;NA;NA;NA;"Arthropoda";"Insecta";"Hymenoptera";"Megachilidae";"Megachilinae";"Osmiini";"Hoplitis";NA;NA;NA;"petals";"vegetal";"Müller, A. 2018. Palaearctic Osmiine Bees. ETH Zürich. http://blogs.ethz.ch/osmiini";"Abeilles";444698
"bfNestMat47";"Hoplitis adunca (Panzer, 1798)";"239720";"Hoplitis adunca";"(Panzer, 1798)";NA;NA;NA;NA;NA;"Arthropoda";"Insecta";"Hymenoptera";"Megachilidae";"Megachilinae";"Osmiini";"Hoplitis";NA;NA;NA;"plant particules";"vegetal";"Müller, A. 2018. Palaearctic Osmiine Bees. ETH Zürich. http://blogs.ethz.ch/osmiini";"Abeilles";444698
"bfNestMat48";"Hoplitis adunca (Panzer, 1798)";"239720";"Hoplitis adunca";"(Panzer, 1798)";NA;NA;NA;NA;NA;"Arthropoda";"Insecta";"Hymenoptera";"Megachilidae";"Megachilinae";"Osmiini";"Hoplitis";NA;NA;NA;"petals";"vegetal";"Müller, A. 2018. Palaearctic Osmiine Bees. ETH Zürich. http://blogs.ethz.ch/osmiini";"Abeilles";444698
"bfNestMat49";"Hoplitis adunca (Panzer, 1798)";"239720";"Hoplitis adunca";"(Panzer, 1798)";NA;NA;NA;NA;NA;"Arthropoda";"Insecta";"Hymenoptera";"Megachilidae";"Megachilinae";"Osmiini";"Hoplitis";NA;NA;NA;"sand";"mineral";"Müller, A. 2018. Palaearctic Osmiine Bees. ETH Zürich. http://blogs.ethz.ch/osmiini";"Abeilles";444698
"bfNestMat50";"Hoplitis adunca (Panzer, 1798)";"239720";"Hoplitis adunca";"(Panzer, 1798)";NA;NA;NA;NA;NA;"Arthropoda";"Insecta";"Hymenoptera";"Megachilidae";"Megachilinae";"Osmiini";"Hoplitis";NA;NA;NA;"soil";"mineral";"Müller, A. 2018. Palaearctic Osmiine Bees. ETH Zürich. http://blogs.ethz.ch/osmiini";"Abeilles";444698
"bfNestMat51";"Hoplitis anthocopoides (Schenck, 1853)";"239723";"Hoplitis anthocopoides";"(Schenck, 1853)";NA;NA;NA;NA;NA;"Arthropoda";"Insecta";"Hymenoptera";"Megachilidae";"Megachilinae";"Osmiini";"Hoplitis";NA;NA;NA;"petals";"vegetal";"Müller, A. 2018. Palaearctic Osmiine Bees. ETH Zürich. http://blogs.ethz.ch/osmiini";"Abeilles";444698
"bfNestMat52";"Hoplitis anthocopoides (Schenck, 1853)";"239723";"Hoplitis anthocopoides";"(Schenck, 1853)";NA;NA;NA;NA;NA;"Arthropoda";"Insecta";"Hymenoptera";"Megachilidae";"Megachilinae";"Osmiini";"Hoplitis";NA;NA;NA;"soil";"mineral";"Müller, A. 2018. Palaearctic Osmiine Bees. ETH Zürich. http://blogs.ethz.ch/osmiini";"Abeilles";444698
"bfNestMat53";"Hoplitis benoisti (Alfken, 1935)";"239724";"Hoplitis benoisti";"(Alfken, 1935)";NA;NA;NA;NA;NA;"Arthropoda";"Insecta";"Hymenoptera";"Megachilidae";"Megachilinae";"Osmiini";"Hoplitis";NA;NA;NA;"pebbles";"mineral";"Müller, A. 2018. Palaearctic Osmiine Bees. ETH Zürich. http://blogs.ethz.ch/osmiini";"Abeilles";444698
"bfNestMat54";"Hoplitis benoisti (Alfken, 1935)";"239724";"Hoplitis benoisti";"(Alfken, 1935)";NA;NA;NA;NA;NA;"Arthropoda";"Insecta";"Hymenoptera";"Megachilidae";"Megachilinae";"Osmiini";"Hoplitis";NA;NA;NA;"water";"mineral";"Müller, A. 2018. Palaearctic Osmiine Bees. ETH Zürich. http://blogs.ethz.ch/osmiini";"Abeilles";444698
"bfNestMat55";"Hoplitis benoisti (Alfken, 1935)";"239724";"Hoplitis benoisti";"(Alfken, 1935)";NA;NA;NA;NA;NA;"Arthropoda";"Insecta";"Hymenoptera";"Megachilidae";"Megachilinae";"Osmiini";"Hoplitis";NA;NA;NA;"soil";"mineral";"Müller, A. 2018. Palaearctic Osmiine Bees. ETH Zürich. http://blogs.ethz.ch/osmiini";"Abeilles";444698
"bfNestMat56";"Hoplitis bihamata (Costa, 1885)";"239725";"Hoplitis bihamata";"(Costa, 1885)";NA;NA;NA;NA;NA;"Arthropoda";"Insecta";"Hymenoptera";"Megachilidae";"Megachilinae";"Osmiini";"Hoplitis";NA;NA;NA;"water";"mineral";"Müller, A. 2018. Palaearctic Osmiine Bees. ETH Zürich. http://blogs.ethz.ch/osmiini";"Abeilles";444698
"bfNestMat57";"Hoplitis bihamata (Costa, 1885)";"239725";"Hoplitis bihamata";"(Costa, 1885)";NA;NA;NA;NA;NA;"Arthropoda";"Insecta";"Hymenoptera";"Megachilidae";"Megachilinae";"Osmiini";"Hoplitis";NA;NA;NA;"petals";"vegetal";"Müller, A. 2018. Palaearctic Osmiine Bees. ETH Zürich. http://blogs.ethz.ch/osmiini";"Abeilles";444698
"bfNestMat58";"Hoplitis bihamata (Costa, 1885)";"239725";"Hoplitis bihamata";"(Costa, 1885)";NA;NA;NA;NA;NA;"Arthropoda";"Insecta";"Hymenoptera";"Megachilidae";"Megachilinae";"Osmiini";"Hoplitis";NA;NA;NA;"soil";"mineral";"Müller, A. 2018. Palaearctic Osmiine Bees. ETH Zürich. http://blogs.ethz.ch/osmiini";"Abeilles";444698
"bfNestMat59";"Hoplitis bisulca (Gerstacker, 1869)";"239726";"Hoplitis bisulca";"(Gerstacker, 1869)";NA;NA;NA;NA;NA;"Arthropoda";"Insecta";"Hymenoptera";"Megachilidae";"Megachilinae";"Osmiini";"Hoplitis";NA;NA;NA;"leaves";"vegetal";"Müller, A. 2018. Palaearctic Osmiine Bees. ETH Zürich. http://blogs.ethz.ch/osmiini";"Abeilles";444698
"bfNestMat60";"Hoplitis bisulca (Gerstacker, 1869)";"239726";"Hoplitis bisulca";"(Gerstacker, 1869)";NA;NA;NA;NA;NA;"Arthropoda";"Insecta";"Hymenoptera";"Megachilidae";"Megachilinae";"Osmiini";"Hoplitis";NA;NA;NA;"petals";"vegetal";"Müller, A. 2018. Palaearctic Osmiine Bees. ETH Zürich. http://blogs.ethz.ch/osmiini";"Abeilles";444698
"bfNestMat61";"Hoplitis claviventris (Thomson, 1872)";"239729";"Hoplitis claviventris";"(Thomson, 1872)";NA;NA;NA;NA;NA;"Arthropoda";"Insecta";"Hymenoptera";"Megachilidae";"Megachilinae";"Osmiini";"Hoplitis";NA;NA;NA;"leaves";"vegetal";"Müller, A. 2018. Palaearctic Osmiine Bees. ETH Zürich. http://blogs.ethz.ch/osmiini";"Abeilles";444698
"bfNestMat62";"Hoplitis claviventris (Thomson, 1872)";"239729";"Hoplitis claviventris";"(Thomson, 1872)";NA;NA;NA;NA;NA;"Arthropoda";"Insecta";"Hymenoptera";"Megachilidae";"Megachilinae";"Osmiini";"Hoplitis";NA;NA;NA;"petals";"vegetal";"Müller, A. 2018. Palaearctic Osmiine Bees. ETH Zürich. http://blogs.ethz.ch/osmiini";"Abeilles";444698
"bfNestMat63";"Hoplitis cristatula (Van der Zanden, 1990)";"239732";"Hoplitis cristatula";"(Van der Zanden, 1990)";NA;NA;NA;NA;NA;"Arthropoda";"Insecta";"Hymenoptera";"Megachilidae";"Megachilinae";"Osmiini";"Hoplitis";NA;NA;NA;"petals";"vegetal";"Lhomme, P. 2014. Hoplitis cristatula. The IUCN Red List of Threatened Species 2014: e.T19198907A21153582";"Abeilles";447575
"bfNestMat64";"Hoplitis cristatula (Van der Zanden, 1990)";"239732";"Hoplitis cristatula";"(Van der Zanden, 1990)";NA;NA;NA;NA;NA;"Arthropoda";"Insecta";"Hymenoptera";"Megachilidae";"Megachilinae";"Osmiini";"Hoplitis";NA;NA;NA;"soil";"mineral";"Lhomme, P. 2014. Hoplitis cristatula. The IUCN Red List of Threatened Species 2014: e.T19198907A21153582";"Abeilles";447575
"bfNestMat65";"Hoplitis curvipes (Morawitz, 1871)";"239733";"Hoplitis curvipes";"(Morawitz, 1871)";NA;NA;NA;NA;NA;"Arthropoda";"Insecta";"Hymenoptera";"Megachilidae";"Megachilinae";"Osmiini";"Hoplitis";NA;NA;NA;"leaves";"vegetal";"Müller, A. 2018. Palaearctic Osmiine Bees. ETH Zürich. http://blogs.ethz.ch/osmiini";"Abeilles";444698
"bfNestMat66";"Hoplitis dalmatica (Morawitz, 1871)";"239735";"Hoplitis dalmatica";"(Morawitz, 1871)";NA;NA;NA;NA;NA;"Arthropoda";"Insecta";"Hymenoptera";"Megachilidae";"Megachilinae";"Osmiini";"Hoplitis";NA;NA;NA;"leaves";"vegetal";"Müller, A. 2018. Palaearctic Osmiine Bees. ETH Zürich. http://blogs.ethz.ch/osmiini";"Abeilles";444698
"bfNestMat67";"Hoplitis dalmatica (Morawitz, 1871)";"239735";"Hoplitis dalmatica";"(Morawitz, 1871)";NA;NA;NA;NA;NA;"Arthropoda";"Insecta";"Hymenoptera";"Megachilidae";"Megachilinae";"Osmiini";"Hoplitis";NA;NA;NA;"petals";"vegetal";"Müller, A. 2018. Palaearctic Osmiine Bees. ETH Zürich. http://blogs.ethz.ch/osmiini";"Abeilles";444698
"bfNestMat68";"Hoplitis jakovlevi (Radoszkowski, 1874)";"814836";"Hoplitis jakovlevi";"(Radoszkowski, 1874)";NA;NA;NA;NA;NA;"Arthropoda";"Insecta";"Hymenoptera";"Megachilidae";"Megachilinae";"Osmiini";"Hoplitis";NA;NA;NA;"petals";"vegetal";"Müller, A. 2018. Palaearctic Osmiine Bees. ETH Zürich. http://blogs.ethz.ch/osmiini";"Abeilles";444698
"bfNestMat69";"Hoplitis lepeletieri (Perez, 1880)";"239737";"Hoplitis lepeletieri";"(Perez, 1880)";NA;NA;NA;NA;NA;"Arthropoda";"Insecta";"Hymenoptera";"Megachilidae";"Megachilinae";"Osmiini";"Hoplitis";NA;NA;NA;"petals";"vegetal";"Müller, A. 2018. Palaearctic Osmiine Bees. ETH Zürich. http://blogs.ethz.ch/osmiini";"Abeilles";444698
"bfNestMat70";"Hoplitis lepeletieri (Perez, 1880)";"239737";"Hoplitis lepeletieri";"(Perez, 1880)";NA;NA;NA;NA;NA;"Arthropoda";"Insecta";"Hymenoptera";"Megachilidae";"Megachilinae";"Osmiini";"Hoplitis";NA;NA;NA;"soil";"mineral";"Müller, A. 2018. Palaearctic Osmiine Bees. ETH Zürich. http://blogs.ethz.ch/osmiini";"Abeilles";444698
"bfNestMat71";"Hoplitis leucomelana (Kirby, 1802)";"239738";"Hoplitis leucomelana";"(Kirby, 1802)";NA;NA;NA;NA;NA;"Arthropoda";"Insecta";"Hymenoptera";"Megachilidae";"Megachilinae";"Osmiini";"Hoplitis";NA;NA;NA;"petals";"vegetal";"Müller, A. 2018. Palaearctic Osmiine Bees. ETH Zürich. http://blogs.ethz.ch/osmiini";"Abeilles";444698
"bfNestMat72";"Hoplitis leucomelana (Kirby, 1802)";"239738";"Hoplitis leucomelana";"(Kirby, 1802)";NA;NA;NA;NA;NA;"Arthropoda";"Insecta";"Hymenoptera";"Megachilidae";"Megachilinae";"Osmiini";"Hoplitis";NA;NA;NA;"soil";"mineral";"Müller, A. 2018. Palaearctic Osmiine Bees. ETH Zürich. http://blogs.ethz.ch/osmiini";"Abeilles";444698
"bfNestMat73";"Hoplitis loti (Morawitz, 1867)";"239739";"Hoplitis loti";"(Morawitz, 1867)";NA;NA;NA;NA;NA;"Arthropoda";"Insecta";"Hymenoptera";"Megachilidae";"Megachilinae";"Osmiini";"Hoplitis";NA;NA;NA;"petals";"vegetal";"Müller, A. 2018. Palaearctic Osmiine Bees. ETH Zürich. http://blogs.ethz.ch/osmiini";"Abeilles";444698
"bfNestMat74";"Hoplitis loti (Morawitz, 1867)";"239739";"Hoplitis loti";"(Morawitz, 1867)";NA;NA;NA;NA;NA;"Arthropoda";"Insecta";"Hymenoptera";"Megachilidae";"Megachilinae";"Osmiini";"Hoplitis";NA;NA;NA;"soil";"mineral";"Müller, A. 2018. Palaearctic Osmiine Bees. ETH Zürich. http://blogs.ethz.ch/osmiini";"Abeilles";444698
"bfNestMat75";"Hoplitis manicata (Morice, 1901)";"318027";"Hoplitis manicata";"(Morice, 1901)";NA;NA;NA;NA;NA;"Arthropoda";"Insecta";"Hymenoptera";"Megachilidae";"Megachilinae";"Osmiini";"Hoplitis";NA;NA;NA;"petals";"vegetal";"Müller, A. 2018. Palaearctic Osmiine Bees. ETH Zürich. http://blogs.ethz.ch/osmiini";"Abeilles";444698
"bfNestMat76";"Hoplitis manicata (Morice, 1901)";"318027";"Hoplitis manicata";"(Morice, 1901)";NA;NA;NA;NA;NA;"Arthropoda";"Insecta";"Hymenoptera";"Megachilidae";"Megachilinae";"Osmiini";"Hoplitis";NA;NA;NA;"soil";"mineral";"Müller, A. 2018. Palaearctic Osmiine Bees. ETH Zürich. http://blogs.ethz.ch/osmiini";"Abeilles";444698
"bfNestMat77";"Hoplitis mitis (Nylander, 1852)";"239740";"Hoplitis mitis";"(Nylander, 1852)";NA;NA;NA;NA;NA;"Arthropoda";"Insecta";"Hymenoptera";"Megachilidae";"Megachilinae";"Osmiini";"Hoplitis";NA;NA;NA;"leaves";"vegetal";"Müller, A. 2018. Palaearctic Osmiine Bees. ETH Zürich. http://blogs.ethz.ch/osmiini";"Abeilles";444698
"bfNestMat78";"Hoplitis mocsaryi (Friese, 1895)";"239741";"Hoplitis mocsaryi";"(Friese, 1895)";NA;NA;NA;NA;NA;"Arthropoda";"Insecta";"Hymenoptera";"Megachilidae";"Megachilinae";"Osmiini";"Hoplitis";NA;NA;NA;"petals";"vegetal";"Banaszak J., Romasenko L. 2001. Megachilid bees of Europe (Hymenoptera, Apoidea, Megachilidae). Pedagogical University of Bydgoszcz, Bydgoszcz. 239 pp.";"Abeilles";444864
"bfNestMat79";"Hoplitis occidentalis Muller, 2012";"814842";"Hoplitis occidentalis";"Muller, 2012";NA;NA;NA;NA;NA;"Arthropoda";"Insecta";"Hymenoptera";"Megachilidae";"Megachilinae";"Osmiini";"Hoplitis";NA;NA;NA;"petals";"vegetal";"Müller, A. 2018. Palaearctic Osmiine Bees. ETH Zürich. http://blogs.ethz.ch/osmiini";"Abeilles";444698
"bfNestMat80";"Hoplitis occidentalis Muller, 2012";"814842";"Hoplitis occidentalis";"Muller, 2012";NA;NA;NA;NA;NA;"Arthropoda";"Insecta";"Hymenoptera";"Megachilidae";"Megachilinae";"Osmiini";"Hoplitis";NA;NA;NA;"soil";"mineral";"Müller, A. 2018. Palaearctic Osmiine Bees. ETH Zürich. http://blogs.ethz.ch/osmiini";"Abeilles";444698
"bfNestMat81";"Hoplitis papaveris (Latreille, 1799)";"239744";"Hoplitis papaveris";"(Latreille, 1799)";NA;NA;NA;NA;NA;"Arthropoda";"Insecta";"Hymenoptera";"Megachilidae";"Megachilinae";"Osmiini";"Hoplitis";NA;NA;NA;"soil";"mineral";"Müller, A. 2018. Palaearctic Osmiine Bees. ETH Zürich. http://blogs.ethz.ch/osmiini";"Abeilles";444698
"bfNestMat82";"Hoplitis perezi (Ferton, 1895)";"239745";"Hoplitis perezi";"(Ferton, 1895)";NA;NA;NA;NA;NA;"Arthropoda";"Insecta";"Hymenoptera";"Megachilidae";"Megachilinae";"Osmiini";"Hoplitis";NA;NA;NA;"leaves";"vegetal";"Scheuchl E., Willner W. 2016. Taschenlexikon der Wildbienen Europas. Quelle & Meyer Verlag Wiebelsheim. 920pp.";"Abeilles";444787
"bfNestMat83";"Hoplitis praestans (Morawitz, 1894)";"239746";"Hoplitis praestans";"(Morawitz, 1894)";NA;NA;NA;NA;NA;"Arthropoda";"Insecta";"Hymenoptera";"Megachilidae";"Megachilinae";"Osmiini";"Hoplitis";NA;NA;NA;"petals";"vegetal";"Müller, A. 2018. Palaearctic Osmiine Bees. ETH Zürich. http://blogs.ethz.ch/osmiini";"Abeilles";444698
"bfNestMat84";"Hoplitis praestans (Morawitz, 1894)";"239746";"Hoplitis praestans";"(Morawitz, 1894)";NA;NA;NA;NA;NA;"Arthropoda";"Insecta";"Hymenoptera";"Megachilidae";"Megachilinae";"Osmiini";"Hoplitis";NA;NA;NA;"sand";"mineral";"Müller, A. 2018. Palaearctic Osmiine Bees. ETH Zürich. http://blogs.ethz.ch/osmiini";"Abeilles";444698
"bfNestMat85";"Hoplitis ravouxi (Perez, 1902)";"239747";"Hoplitis ravouxi";"(Perez, 1902)";NA;NA;NA;NA;NA;"Arthropoda";"Insecta";"Hymenoptera";"Megachilidae";"Megachilinae";"Osmiini";"Hoplitis";NA;NA;NA;"leaves";"vegetal";"Scheuchl E., Willner W. 2016. Taschenlexikon der Wildbienen Europas. Quelle & Meyer Verlag Wiebelsheim. 920pp.";"Abeilles";444787
"bfNestMat86";"Hoplitis robusta (Nylander, 1848)";"239748";"Hoplitis robusta";"(Nylander, 1848)";NA;NA;NA;NA;NA;"Arthropoda";"Insecta";"Hymenoptera";"Megachilidae";"Megachilinae";"Osmiini";"Hoplitis";NA;NA;NA;"leaves";"vegetal";"SwissBeeTeam. 2018. Atlas en ligne des abeilles sauvages de Suisse. InfoFauna. http://swisswildbee.ch.";"Abeilles";444815
"bfNestMat87";"Hoplitis stecki (Frey-Gessner, 1908)";"932179";"Hoplitis stecki";"(Frey-Gessner, 1908)";NA;NA;NA;NA;NA;"Arthropoda";"Insecta";"Hymenoptera";"Megachilidae";"Megachilinae";"Osmiini";"Hoplitis";NA;NA;NA;"soil";"mineral";"Le Goff, G. 2005. Seconde note sur des Hoplitis nidifiant dans cavites rocheuses en Espagne: Hoplitis mucidoides v. der Zanden et H. marchali Perez. Leur nidification et leurs parasites. Lambillionea, 105: 513-516.";"Abeilles";447741
"bfNestMat88";"Hylaeus rinki (Gorski, 1852)";"239794";"Hylaeus rinki";"(Gorski, 1852)";NA;NA;NA;NA;NA;"Arthropoda";"Insecta";"Hymenoptera";"Colletidae";"Hylaeinae";NA;"Hylaeus";NA;NA;NA;"plant particules";"vegetal";"Scheuchl E., Willner W. 2016. Taschenlexikon der Wildbienen Europas. Quelle & Meyer Verlag Wiebelsheim. 920pp.";"Abeilles";444787
"bfNestMat89";"Icteranthidium grohmanni (Spinola, 1838)";"239808";"Icteranthidium grohmanni";"(Spinola, 1838)";NA;NA;NA;NA;NA;"Arthropoda";"Insecta";"Hymenoptera";"Megachilidae";"Megachilinae";"Anthidiini";"Icteranthidium";NA;NA;NA;"resin";"vegetal";"Vereecken, N. 2017. Decouvrir & proteger nos abeilles sauvages. Glenat, Grenoble. 192pp.";"Abeilles";447742
"bfNestMat90";"Icteranthidium laterale (Latreille, 1809)";"239809";"Icteranthidium laterale";"(Latreille, 1809)";NA;NA;NA;NA;NA;"Arthropoda";"Insecta";"Hymenoptera";"Megachilidae";"Megachilinae";"Anthidiini";"Icteranthidium";NA;NA;NA;"resin";"vegetal";"Scheuchl E., Willner W. 2016. Taschenlexikon der Wildbienen Europas. Quelle & Meyer Verlag Wiebelsheim. 920pp.";"Abeilles";444787
"bfNestMat91";"Lasioglossum leucozonium (Schrank, 1781)";"239849";"Lasioglossum leucozonium";"(Schrank, 1781)";NA;NA;NA;NA;NA;"Arthropoda";"Insecta";"Hymenoptera";"Halictidae";"Halictinae";"Halictini";"Lasioglossum";NA;NA;NA;"soil";"mineral";"Scheuchl E., Willner W. 2016. Taschenlexikon der Wildbienen Europas. Quelle & Meyer Verlag Wiebelsheim. 920pp.";"Abeilles";444787
"bfNestMat92";"Lasioglossum lucidulum (Schenck, 1861)";"239853";"Lasioglossum lucidulum";"(Schenck, 1861)";NA;NA;NA;NA;NA;"Arthropoda";"Insecta";"Hymenoptera";"Halictidae";"Halictinae";"Halictini";"Lasioglossum";NA;NA;NA;"sand";"mineral";"Scheuchl E., Willner W. 2016. Taschenlexikon der Wildbienen Europas. Quelle & Meyer Verlag Wiebelsheim. 920pp.";"Abeilles";444787
"bfNestMat93";"Lasioglossum xanthopus (Kirby, 1802)";"815156";"Lasioglossum xanthopus";"(Kirby, 1802)";NA;NA;NA;NA;NA;"Arthropoda";"Insecta";"Hymenoptera";"Halictidae";"Halictinae";"Halictini";"Lasioglossum";NA;NA;NA;"soil";"mineral";"Scheuchl E., Willner W. 2016. Taschenlexikon der Wildbienen Europas. Quelle & Meyer Verlag Wiebelsheim. 920pp.";"Abeilles";444787
"bfNestMat94";"Lithurgus chrysurus Fonscolombe, 1834";"239902";"Lithurgus chrysurus";"Fonscolombe, 1834";NA;NA;NA;NA;NA;"Arthropoda";"Insecta";"Hymenoptera";"Megachilidae";"Lithurginae";NA;"Lithurgus";NA;NA;NA;"wood";"vegetal";"Scheuchl E., Willner W. 2016. Taschenlexikon der Wildbienen Europas. Quelle & Meyer Verlag Wiebelsheim. 920pp.";"Abeilles";444787
"bfNestMat95";"Lithurgus cornutus (Fabricius, 1787)";"239903";"Lithurgus cornutus";"(Fabricius, 1787)";NA;NA;NA;NA;NA;"Arthropoda";"Insecta";"Hymenoptera";"Megachilidae";"Lithurginae";NA;"Lithurgus";NA;NA;NA;"wood";"vegetal";"Scheuchl E., Willner W. 2016. Taschenlexikon der Wildbienen Europas. Quelle & Meyer Verlag Wiebelsheim. 920pp.";"Abeilles";444787
"bfNestMat96";"Megachile albisecta (Klug in Germar, 1817)";"808448";"Megachile albisecta";"(Klug in Germar, 1817)";NA;NA;NA;NA;NA;"Arthropoda";"Insecta";"Hymenoptera";"Megachilidae";"Megachilinae";"Megachilini";"Megachile";NA;NA;NA;"pebbles";"mineral";"Scheuchl E., Willner W. 2016. Taschenlexikon der Wildbienen Europas. Quelle & Meyer Verlag Wiebelsheim. 920pp.";"Abeilles";444787
"bfNestMat97";"Megachile albisecta (Klug in Germar, 1817)";"808448";"Megachile albisecta";"(Klug in Germar, 1817)";NA;NA;NA;NA;NA;"Arthropoda";"Insecta";"Hymenoptera";"Megachilidae";"Megachilinae";"Megachilini";"Megachile";NA;NA;NA;"leaves";"vegetal";"Scheuchl E., Willner W. 2016. Taschenlexikon der Wildbienen Europas. Quelle & Meyer Verlag Wiebelsheim. 920pp.";"Abeilles";444787
"bfNestMat98";"Megachile alpicola Alfken, 1924";"239906";"Megachile alpicola";"Alfken, 1924";NA;NA;NA;NA;NA;"Arthropoda";"Insecta";"Hymenoptera";"Megachilidae";"Megachilinae";"Megachilini";"Megachile";NA;NA;NA;"pebbles";"mineral";"Scheuchl E., Willner W. 2016. Taschenlexikon der Wildbienen Europas. Quelle & Meyer Verlag Wiebelsheim. 920pp.";"Abeilles";444787
"bfNestMat99";"Megachile alpicola Alfken, 1924";"239906";"Megachile alpicola";"Alfken, 1924";NA;NA;NA;NA;NA;"Arthropoda";"Insecta";"Hymenoptera";"Megachilidae";"Megachilinae";"Megachilini";"Megachile";NA;NA;NA;"leaves";"vegetal";"Scheuchl E., Willner W. 2016. Taschenlexikon der Wildbienen Europas. Quelle & Meyer Verlag Wiebelsheim. 920pp.";"Abeilles";444787
"bfNestMat100";"Megachile analis Nylander, 1852";"239907";"Megachile analis";"Nylander, 1852";NA;NA;NA;NA;NA;"Arthropoda";"Insecta";"Hymenoptera";"Megachilidae";"Megachilinae";"Megachilini";"Megachile";NA;NA;NA;"bark";"vegetal";"Scheuchl E., Willner W. 2016. Taschenlexikon der Wildbienen Europas. Quelle & Meyer Verlag Wiebelsheim. 920pp.";"Abeilles";444787
"bfNestMat101";"Megachile analis Nylander, 1852";"239907";"Megachile analis";"Nylander, 1852";NA;NA;NA;NA;NA;"Arthropoda";"Insecta";"Hymenoptera";"Megachilidae";"Megachilinae";"Megachilini";"Megachile";NA;NA;NA;"leaves";"vegetal";"Scheuchl E., Willner W. 2016. Taschenlexikon der Wildbienen Europas. Quelle & Meyer Verlag Wiebelsheim. 920pp.";"Abeilles";444787
"bfNestMat102";"Megachile analis Nylander, 1852";"239907";"Megachile analis";"Nylander, 1852";NA;NA;NA;NA;NA;"Arthropoda";"Insecta";"Hymenoptera";"Megachilidae";"Megachilinae";"Megachilini";"Megachile";NA;NA;NA;"sand";"mineral";"Scheuchl E., Willner W. 2016. Taschenlexikon der Wildbienen Europas. Quelle & Meyer Verlag Wiebelsheim. 920pp.";"Abeilles";444787
"bfNestMat103";"Megachile apicalis Spinola, 1808";"239908";"Megachile apicalis";"Spinola, 1808";NA;NA;NA;NA;NA;"Arthropoda";"Insecta";"Hymenoptera";"Megachilidae";"Megachilinae";"Megachilini";"Megachile";NA;NA;NA;"leaves";"vegetal";"Scheuchl E., Willner W. 2016. Taschenlexikon der Wildbienen Europas. Quelle & Meyer Verlag Wiebelsheim. 920pp.";"Abeilles";444787
"bfNestMat104";"Megachile centuncularis (Linnaeus, 1758)";"53157";"Megachile centuncularis";"(Linnaeus, 1758)";NA;NA;NA;NA;NA;"Arthropoda";"Insecta";"Hymenoptera";"Megachilidae";"Megachilinae";"Megachilini";"Megachile";NA;NA;NA;"leaves";"vegetal";"Scheuchl E., Willner W. 2016. Taschenlexikon der Wildbienen Europas. Quelle & Meyer Verlag Wiebelsheim. 920pp.";"Abeilles";444787
"bfNestMat105";"Megachile circumcincta (Kirby, 1802)";"53158";"Megachile circumcincta";"(Kirby, 1802)";NA;NA;NA;NA;NA;"Arthropoda";"Insecta";"Hymenoptera";"Megachilidae";"Megachilinae";"Megachilini";"Megachile";NA;NA;NA;"wood";"vegetal";"Scheuchl E., Willner W. 2016. Taschenlexikon der Wildbienen Europas. Quelle & Meyer Verlag Wiebelsheim. 920pp.";"Abeilles";444787
"bfNestMat106";"Megachile circumcincta (Kirby, 1802)";"53158";"Megachile circumcincta";"(Kirby, 1802)";NA;NA;NA;NA;NA;"Arthropoda";"Insecta";"Hymenoptera";"Megachilidae";"Megachilinae";"Megachilini";"Megachile";NA;NA;NA;"leaves";"vegetal";"Scheuchl E., Willner W. 2016. Taschenlexikon der Wildbienen Europas. Quelle & Meyer Verlag Wiebelsheim. 920pp.";"Abeilles";444787
"bfNestMat108";"Megachile deceptoria Perez, 1890";"239911";"Megachile deceptoria";"Perez, 1890";NA;NA;NA;NA;NA;"Arthropoda";"Insecta";"Hymenoptera";"Megachilidae";"Megachilinae";"Megachilini";"Megachile";NA;NA;NA;"leaves";"vegetal";"Scheuchl E., Willner W. 2016. Taschenlexikon der Wildbienen Europas. Quelle & Meyer Verlag Wiebelsheim. 920pp.";"Abeilles";444787
"bfNestMat109";"Megachile ericetorum Lepeletier, 1841";"721013";"Megachile ericetorum";"Lepeletier, 1841";NA;NA;NA;NA;NA;"Arthropoda";"Insecta";"Hymenoptera";"Megachilidae";"Megachilinae";"Megachilini";"Megachile";NA;NA;NA;"clay";"mineral";"Scheuchl E., Willner W. 2016. Taschenlexikon der Wildbienen Europas. Quelle & Meyer Verlag Wiebelsheim. 920pp.";"Abeilles";444787
"bfNestMat110";"Megachile ericetorum Lepeletier, 1841";"721013";"Megachile ericetorum";"Lepeletier, 1841";NA;NA;NA;NA;NA;"Arthropoda";"Insecta";"Hymenoptera";"Megachilidae";"Megachilinae";"Megachilini";"Megachile";NA;NA;NA;"resin";"vegetal";"Scheuchl E., Willner W. 2016. Taschenlexikon der Wildbienen Europas. Quelle & Meyer Verlag Wiebelsheim. 920pp.";"Abeilles";444787
"bfNestMat111";"Megachile ericetorum Lepeletier, 1841";"721013";"Megachile ericetorum";"Lepeletier, 1841";NA;NA;NA;NA;NA;"Arthropoda";"Insecta";"Hymenoptera";"Megachilidae";"Megachilinae";"Megachilini";"Megachile";NA;NA;NA;"sand";"mineral";"Scheuchl E., Willner W. 2016. Taschenlexikon der Wildbienen Europas. Quelle & Meyer Verlag Wiebelsheim. 920pp.";"Abeilles";444787
"bfNestMat112";"Megachile genalis Morawitz, 1880";"239915";"Megachile genalis";"Morawitz, 1880";NA;NA;NA;NA;NA;"Arthropoda";"Insecta";"Hymenoptera";"Megachilidae";"Megachilinae";"Megachilini";"Megachile";NA;NA;NA;"leaves";"vegetal";"Scheuchl E., Willner W. 2016. Taschenlexikon der Wildbienen Europas. Quelle & Meyer Verlag Wiebelsheim. 920pp.";"Abeilles";444787
"bfNestMat113";"Megachile genalis Morawitz, 1880";"239915";"Megachile genalis";"Morawitz, 1880";NA;NA;NA;NA;NA;"Arthropoda";"Insecta";"Hymenoptera";"Megachilidae";"Megachilinae";"Megachilini";"Megachile";NA;NA;NA;"stem";"vegetal";"Scheuchl E., Willner W. 2016. Taschenlexikon der Wildbienen Europas. Quelle & Meyer Verlag Wiebelsheim. 920pp.";"Abeilles";444787
"bfNestMat114";"Megachile giraudi Gerstacker, 1869";"239916";"Megachile giraudi";"Gerstacker, 1869";NA;NA;NA;NA;NA;"Arthropoda";"Insecta";"Hymenoptera";"Megachilidae";"Megachilinae";"Megachilini";"Megachile";NA;NA;NA;"petals";"vegetal";"Banaszak J., Romasenko L. 2001. Megachilid bees of Europe (Hymenoptera, Apoidea, Megachilidae). Pedagogical University of Bydgoszcz, Bydgoszcz. 239 pp.";"Abeilles";444864
"bfNestMat115";"Megachile lagopoda (Linnaeus, 1761)";"239917";"Megachile lagopoda";"(Linnaeus, 1761)";NA;NA;NA;NA;NA;"Arthropoda";"Insecta";"Hymenoptera";"Megachilidae";"Megachilinae";"Megachilini";"Megachile";NA;NA;NA;"leaves";"vegetal";"Scheuchl E., Willner W. 2016. Taschenlexikon der Wildbienen Europas. Quelle & Meyer Verlag Wiebelsheim. 920pp.";"Abeilles";444787
"bfNestMat116";"Megachile lapponica Thomson, 1872";"239918";"Megachile lapponica";"Thomson, 1872";NA;NA;NA;NA;NA;"Arthropoda";"Insecta";"Hymenoptera";"Megachilidae";"Megachilinae";"Megachilini";"Megachile";NA;NA;NA;"bark";"vegetal";"Scheuchl E., Willner W. 2016. Taschenlexikon der Wildbienen Europas. Quelle & Meyer Verlag Wiebelsheim. 920pp.";"Abeilles";444787
"bfNestMat117";"Megachile lapponica Thomson, 1872";"239918";"Megachile lapponica";"Thomson, 1872";NA;NA;NA;NA;NA;"Arthropoda";"Insecta";"Hymenoptera";"Megachilidae";"Megachilinae";"Megachilini";"Megachile";NA;NA;NA;"leaves";"vegetal";"Scheuchl E., Willner W. 2016. Taschenlexikon der Wildbienen Europas. Quelle & Meyer Verlag Wiebelsheim. 920pp.";"Abeilles";444787
"bfNestMat118";"Megachile leachella Curtis, 1828";"239919";"Megachile leachella";"Curtis, 1828";NA;NA;NA;NA;NA;"Arthropoda";"Insecta";"Hymenoptera";"Megachilidae";"Megachilinae";"Megachilini";"Megachile";NA;NA;NA;"wood";"vegetal";"Scheuchl E., Willner W. 2016. Taschenlexikon der Wildbienen Europas. Quelle & Meyer Verlag Wiebelsheim. 920pp.";"Abeilles";444787
"bfNestMat119";"Megachile leachella Curtis, 1828";"239919";"Megachile leachella";"Curtis, 1828";NA;NA;NA;NA;NA;"Arthropoda";"Insecta";"Hymenoptera";"Megachilidae";"Megachilinae";"Megachilini";"Megachile";NA;NA;NA;"leaves";"vegetal";"Scheuchl E., Willner W. 2016. Taschenlexikon der Wildbienen Europas. Quelle & Meyer Verlag Wiebelsheim. 920pp.";"Abeilles";444787
"bfNestMat120";"Megachile leachella Curtis, 1828";"239919";"Megachile leachella";"Curtis, 1828";NA;NA;NA;NA;NA;"Arthropoda";"Insecta";"Hymenoptera";"Megachilidae";"Megachilinae";"Megachilini";"Megachile";NA;NA;NA;"grass";"vegetal";"Scheuchl E., Willner W. 2016. Taschenlexikon der Wildbienen Europas. Quelle & Meyer Verlag Wiebelsheim. 920pp.";"Abeilles";444787
"bfNestMat121";"Megachile lefebvrei Lepeletier, 1841";"808456";"Megachile lefebvrei";"Lepeletier, 1841";NA;NA;NA;NA;NA;"Arthropoda";"Insecta";"Hymenoptera";"Megachilidae";"Megachilinae";"Megachilini";"Megachile";NA;NA;NA;"leaves";"vegetal";"Cross, I. 2024. Personnal communication. In: Aubouin, L., Genoud, D., Givord-Coupeau, B., Tercerie, S., Gargominy, O., Leclercq, V., Geslin, B., Schatz, B. 2024. BeeFunc : a comprehensive trait database for French wild bees.";"Abeilles";447744
"bfNestMat122";"Megachile leucomalla Gerstacker, 1869";"239920";"Megachile leucomalla";"Gerstacker, 1869";NA;NA;NA;NA;NA;"Arthropoda";"Insecta";"Hymenoptera";"Megachilidae";"Megachilinae";"Megachilini";"Megachile";NA;NA;NA;"leaves";"vegetal";"Banaszak J., Romasenko L. 2001. Megachilid bees of Europe (Hymenoptera, Apoidea, Megachilidae). Pedagogical University of Bydgoszcz, Bydgoszcz. 239 pp.";"Abeilles";444864
"bfNestMat123";"Megachile ligniseca (Kirby, 1802)";"239921";"Megachile ligniseca";"(Kirby, 1802)";NA;NA;NA;NA;NA;"Arthropoda";"Insecta";"Hymenoptera";"Megachilidae";"Megachilinae";"Megachilini";"Megachile";NA;NA;NA;"leaves";"vegetal";"Scheuchl E., Willner W. 2016. Taschenlexikon der Wildbienen Europas. Quelle & Meyer Verlag Wiebelsheim. 920pp.";"Abeilles";444787
"bfNestMat124";"Megachile ligniseca (Kirby, 1802)";"239921";"Megachile ligniseca";"(Kirby, 1802)";NA;NA;NA;NA;NA;"Arthropoda";"Insecta";"Hymenoptera";"Megachilidae";"Megachilinae";"Megachilini";"Megachile";NA;NA;NA;"plant particules";"vegetal";"Scheuchl E., Willner W. 2016. Taschenlexikon der Wildbienen Europas. Quelle & Meyer Verlag Wiebelsheim. 920pp.";"Abeilles";444787
"bfNestMat125";"Megachile maritima (Kirby, 1802)";"53159";"Megachile maritima";"(Kirby, 1802)";NA;NA;NA;NA;NA;"Arthropoda";"Insecta";"Hymenoptera";"Megachilidae";"Megachilinae";"Megachilini";"Megachile";NA;NA;NA;"leaves";"vegetal";"Scheuchl E., Willner W. 2016. Taschenlexikon der Wildbienen Europas. Quelle & Meyer Verlag Wiebelsheim. 920pp.";"Abeilles";444787
"bfNestMat126";"Megachile melanopyga Costa, 1863";"239923";"Megachile melanopyga";"Costa, 1863";NA;NA;NA;NA;NA;"Arthropoda";"Insecta";"Hymenoptera";"Megachilidae";"Megachilinae";"Megachilini";"Megachile";NA;NA;NA;"leaves";"vegetal";"Genoud, D. 2024. Personnal communication. In: Aubouin, L., Genoud, D., Givord-Coupeau, B., Tercerie, S., Gargominy, O., Leclercq, V., Geslin, B., Schatz, B. 2024. BeeFunc : a comprehensive trait database for French wild bees.";"Abeilles";447698
"bfNestMat127";"Megachile nigriventris Schenck, 1869";"53161";"Megachile nigriventris";"Schenck, 1869";NA;NA;NA;NA;NA;"Arthropoda";"Insecta";"Hymenoptera";"Megachilidae";"Megachilinae";"Megachilini";"Megachile";NA;NA;NA;"wood";"vegetal";"Scheuchl E., Willner W. 2016. Taschenlexikon der Wildbienen Europas. Quelle & Meyer Verlag Wiebelsheim. 920pp.";"Abeilles";444787
"bfNestMat128";"Megachile nigriventris Schenck, 1869";"53161";"Megachile nigriventris";"Schenck, 1869";NA;NA;NA;NA;NA;"Arthropoda";"Insecta";"Hymenoptera";"Megachilidae";"Megachilinae";"Megachilini";"Megachile";NA;NA;NA;"leaves";"vegetal";"Scheuchl E., Willner W. 2016. Taschenlexikon der Wildbienen Europas. Quelle & Meyer Verlag Wiebelsheim. 920pp.";"Abeilles";444787
"bfNestMat129";"Megachile nigriventris Schenck, 1869";"53161";"Megachile nigriventris";"Schenck, 1869";NA;NA;NA;NA;NA;"Arthropoda";"Insecta";"Hymenoptera";"Megachilidae";"Megachilinae";"Megachilini";"Megachile";NA;NA;NA;"grass";"vegetal";"Scheuchl E., Willner W. 2016. Taschenlexikon der Wildbienen Europas. Quelle & Meyer Verlag Wiebelsheim. 920pp.";"Abeilles";444787
"bfNestMat130";"Megachile octosignata Nylander, 1852";"239924";"Megachile octosignata";"Nylander, 1852";NA;NA;NA;NA;NA;"Arthropoda";"Insecta";"Hymenoptera";"Megachilidae";"Megachilinae";"Megachilini";"Megachile";NA;NA;NA;"leaves";"vegetal";"Scheuchl E., Willner W. 2016. Taschenlexikon der Wildbienen Europas. Quelle & Meyer Verlag Wiebelsheim. 920pp.";"Abeilles";444787
"bfNestMat131";"Megachile parietina (Geoffroy in Fourcroy, 1785)";"712923";"Megachile parietina";"(Geoffroy in Fourcroy, 1785)";NA;NA;NA;NA;NA;"Arthropoda";"Insecta";"Hymenoptera";"Megachilidae";"Megachilinae";"Megachilini";"Megachile";NA;NA;NA;"pebbles";"mineral";"Scheuchl E., Willner W. 2016. Taschenlexikon der Wildbienen Europas. Quelle & Meyer Verlag Wiebelsheim. 920pp.";"Abeilles";444787
"bfNestMat132";"Megachile parietina (Geoffroy in Fourcroy, 1785)";"712923";"Megachile parietina";"(Geoffroy in Fourcroy, 1785)";NA;NA;NA;NA;NA;"Arthropoda";"Insecta";"Hymenoptera";"Megachilidae";"Megachilinae";"Megachilini";"Megachile";NA;NA;NA;"sand";"mineral";"Scheuchl E., Willner W. 2016. Taschenlexikon der Wildbienen Europas. Quelle & Meyer Verlag Wiebelsheim. 920pp.";"Abeilles";444787
"bfNestMat133";"Megachile parietina (Geoffroy in Fourcroy, 1785)";"712923";"Megachile parietina";"(Geoffroy in Fourcroy, 1785)";NA;NA;NA;NA;NA;"Arthropoda";"Insecta";"Hymenoptera";"Megachilidae";"Megachilinae";"Megachilini";"Megachile";NA;NA;NA;"soil";"mineral";"Scheuchl E., Willner W. 2016. Taschenlexikon der Wildbienen Europas. Quelle & Meyer Verlag Wiebelsheim. 920pp.";"Abeilles";444787
"bfNestMat134";"Megachile argentata (Fabricius, 1793)";"1021872";"Megachile argentata";"(Fabricius, 1793)";NA;NA;NA;NA;NA;"Arthropoda";"Insecta";"Hymenoptera";"Megachilidae";"Megachilinae";"Megachilini";"Megachile";NA;NA;NA;"leaves";"vegetal";"Scheuchl E., Willner W. 2016. Taschenlexikon der Wildbienen Europas. Quelle & Meyer Verlag Wiebelsheim. 920pp.";"Abeilles";444787
"bfNestMat135";"Megachile pyrenaea Perez, 1890";"53163";"Megachile pyrenaea";"Perez, 1890";NA;NA;NA;NA;NA;"Arthropoda";"Insecta";"Hymenoptera";"Megachilidae";"Megachilinae";"Megachilini";"Megachile";NA;NA;NA;"leaves";"vegetal";"Scheuchl E., Willner W. 2016. Taschenlexikon der Wildbienen Europas. Quelle & Meyer Verlag Wiebelsheim. 920pp.";"Abeilles";444787
"bfNestMat136";"Megachile pyrenaica Lepeletier de Saint-Fargeau, 1841";"814874";"Megachile pyrenaica";"Lepeletier de Saint-Fargeau, 1841";NA;NA;NA;NA;NA;"Arthropoda";"Insecta";"Hymenoptera";"Megachilidae";"Megachilinae";"Megachilini";"Megachile";NA;NA;NA;"wood";"vegetal";"Scheuchl E., Willner W. 2016. Taschenlexikon der Wildbienen Europas. Quelle & Meyer Verlag Wiebelsheim. 920pp.";"Abeilles";444787
"bfNestMat137";"Megachile pyrenaica Lepeletier de Saint-Fargeau, 1841";"814874";"Megachile pyrenaica";"Lepeletier de Saint-Fargeau, 1841";NA;NA;NA;NA;NA;"Arthropoda";"Insecta";"Hymenoptera";"Megachilidae";"Megachilinae";"Megachilini";"Megachile";NA;NA;NA;"pebbles";"mineral";"Scheuchl E., Willner W. 2016. Taschenlexikon der Wildbienen Europas. Quelle & Meyer Verlag Wiebelsheim. 920pp.";"Abeilles";444787
"bfNestMat138";"Megachile pyrenaica Lepeletier de Saint-Fargeau, 1841";"814874";"Megachile pyrenaica";"Lepeletier de Saint-Fargeau, 1841";NA;NA;NA;NA;NA;"Arthropoda";"Insecta";"Hymenoptera";"Megachilidae";"Megachilinae";"Megachilini";"Megachile";NA;NA;NA;"sand";"mineral";"Scheuchl E., Willner W. 2016. Taschenlexikon der Wildbienen Europas. Quelle & Meyer Verlag Wiebelsheim. 920pp.";"Abeilles";444787
"bfNestMat139";"Megachile rotundata (Fabricius, 1787)";"239930";"Megachile rotundata";"(Fabricius, 1787)";NA;NA;NA;NA;NA;"Arthropoda";"Insecta";"Hymenoptera";"Megachilidae";"Megachilinae";"Megachilini";"Megachile";NA;NA;NA;"leaves";"vegetal";"Scheuchl E., Willner W. 2016. Taschenlexikon der Wildbienen Europas. Quelle & Meyer Verlag Wiebelsheim. 920pp.";"Abeilles";444787
"bfNestMat140";"Megachile rotundata (Fabricius, 1787)";"239930";"Megachile rotundata";"(Fabricius, 1787)";NA;NA;NA;NA;NA;"Arthropoda";"Insecta";"Hymenoptera";"Megachilidae";"Megachilinae";"Megachilini";"Megachile";NA;NA;NA;"leaves";"vegetal";"Gogala, A. 2014. Megachilid bees of Slovenia (Hymenoptera: Apoidea: Megachilidae). Scopolia, 80:1-195.";"Abeilles";447746
"bfNestMat141";"Megachile rotundata (Fabricius, 1787)";"239930";"Megachile rotundata";"(Fabricius, 1787)";NA;NA;NA;NA;NA;"Arthropoda";"Insecta";"Hymenoptera";"Megachilidae";"Megachilinae";"Megachilini";"Megachile";NA;NA;NA;"petals";"vegetal";"Scheuchl E., Willner W. 2016. Taschenlexikon der Wildbienen Europas. Quelle & Meyer Verlag Wiebelsheim. 920pp.";"Abeilles";444787
"bfNestMat142";"Megachile rotundata (Fabricius, 1787)";"239930";"Megachile rotundata";"(Fabricius, 1787)";NA;NA;NA;NA;NA;"Arthropoda";"Insecta";"Hymenoptera";"Megachilidae";"Megachilinae";"Megachilini";"Megachile";NA;NA;NA;"petals";"vegetal";"Gogala, A. 2014. Megachilid bees of Slovenia (Hymenoptera: Apoidea: Megachilidae). Scopolia, 80:1-195.";"Abeilles";447746
"bfNestMat143";"Megachile argentata (Fabricius, 1793)";"1021872";"Megachile argentata";"(Fabricius, 1793)";NA;NA;NA;NA;NA;"Arthropoda";"Insecta";"Hymenoptera";"Megachilidae";"Megachilinae";"Megachilini";"Megachile";NA;NA;NA;"leaves";"vegetal";"Benoist R., 1940. Remarques sur quelques espèces de Megachiles principalement de la faune française. Annales de la Societe Entomologique de France, 109 : 41-88.";"Abeilles";412674
"bfNestMat144";"Megachile sculpturalis Smith, 1853";"707069";"Megachile sculpturalis";"Smith, 1853";NA;NA;NA;NA;NA;"Arthropoda";"Insecta";"Hymenoptera";"Megachilidae";"Megachilinae";"Megachilini";"Megachile";NA;NA;NA;"clay";"mineral";"Scheuchl E., Willner W. 2016. Taschenlexikon der Wildbienen Europas. Quelle & Meyer Verlag Wiebelsheim. 920pp.";"Abeilles";444787
"bfNestMat145";"Megachile sculpturalis Smith, 1853";"707069";"Megachile sculpturalis";"Smith, 1853";NA;NA;NA;NA;NA;"Arthropoda";"Insecta";"Hymenoptera";"Megachilidae";"Megachilinae";"Megachilini";"Megachile";NA;NA;NA;"resin";"vegetal";"Scheuchl E., Willner W. 2016. Taschenlexikon der Wildbienen Europas. Quelle & Meyer Verlag Wiebelsheim. 920pp.";"Abeilles";444787
"bfNestMat146";"Megachile sicula (Rossi, 1792)";"814881";"Megachile sicula";"(Rossi, 1792)";NA;NA;NA;NA;NA;"Arthropoda";"Insecta";"Hymenoptera";"Megachilidae";"Megachilinae";"Megachilini";"Megachile";NA;NA;NA;"soil";"mineral";"Praz, J. 2017. Subgeneric classification and biology of the leafcutter and dauber bees (genus Megachile Latreille) of the western Palearctic (Hymenoptera, Apoidea, Megachilidae). Journal of Hymenoptera Research, 55: 1-54.";"Abeilles";206740
"bfNestMat147";"Megachile versicolor Smith, 1844";"239934";"Megachile versicolor";"Smith, 1844";NA;NA;NA;NA;NA;"Arthropoda";"Insecta";"Hymenoptera";"Megachilidae";"Megachilinae";"Megachilini";"Megachile";NA;NA;NA;"leaves";"vegetal";"Scheuchl E., Willner W. 2016. Taschenlexikon der Wildbienen Europas. Quelle & Meyer Verlag Wiebelsheim. 920pp.";"Abeilles";444787
"bfNestMat148";"Megachile willughbiella (Kirby, 1802)";"53164";"Megachile willughbiella";"(Kirby, 1802)";NA;NA;NA;NA;NA;"Arthropoda";"Insecta";"Hymenoptera";"Megachilidae";"Megachilinae";"Megachilini";"Megachile";NA;NA;NA;"wood";"vegetal";"Scheuchl E., Willner W. 2016. Taschenlexikon der Wildbienen Europas. Quelle & Meyer Verlag Wiebelsheim. 920pp.";"Abeilles";444787
"bfNestMat149";"Megachile willughbiella (Kirby, 1802)";"53164";"Megachile willughbiella";"(Kirby, 1802)";NA;NA;NA;NA;NA;"Arthropoda";"Insecta";"Hymenoptera";"Megachilidae";"Megachilinae";"Megachilini";"Megachile";NA;NA;NA;"leaves";"vegetal";"Scheuchl E., Willner W. 2016. Taschenlexikon der Wildbienen Europas. Quelle & Meyer Verlag Wiebelsheim. 920pp.";"Abeilles";444787
"bfNestMat150";"Osmia alticola Benoist, 1923";"240048";"Osmia alticola";"Benoist, 1923";NA;NA;NA;NA;NA;"Arthropoda";"Insecta";"Hymenoptera";"Megachilidae";"Megachilinae";"Osmiini";"Osmia";NA;NA;NA;"leaves";"vegetal";"Scheuchl E., Willner W. 2016. Taschenlexikon der Wildbienen Europas. Quelle & Meyer Verlag Wiebelsheim. 920pp.";"Abeilles";444787
"bfNestMat151";"Osmia anceyi Perez, 1880";"814897";"Osmia anceyi";"Perez, 1880";NA;NA;NA;NA;NA;"Arthropoda";"Insecta";"Hymenoptera";"Megachilidae";"Megachilinae";"Osmiini";"Osmia";NA;NA;NA;"clay";"mineral";"Scheuchl E., Willner W. 2016. Taschenlexikon der Wildbienen Europas. Quelle & Meyer Verlag Wiebelsheim. 920pp.";"Abeilles";444787
"bfNestMat152";"Osmia anceyi Perez, 1880";"814897";"Osmia anceyi";"Perez, 1880";NA;NA;NA;NA;NA;"Arthropoda";"Insecta";"Hymenoptera";"Megachilidae";"Megachilinae";"Osmiini";"Osmia";NA;NA;NA;"leaves";"vegetal";"Scheuchl E., Willner W. 2016. Taschenlexikon der Wildbienen Europas. Quelle & Meyer Verlag Wiebelsheim. 920pp.";"Abeilles";444787
"bfNestMat153";"Osmia anceyi Perez, 1880";"814897";"Osmia anceyi";"Perez, 1880";NA;NA;NA;NA;NA;"Arthropoda";"Insecta";"Hymenoptera";"Megachilidae";"Megachilinae";"Osmiini";"Osmia";NA;NA;NA;"plant particules";"vegetal";"Scheuchl E., Willner W. 2016. Taschenlexikon der Wildbienen Europas. Quelle & Meyer Verlag Wiebelsheim. 920pp.";"Abeilles";444787
"bfNestMat154";"Osmia andrenoides Spinola, 1807";"53171";"Osmia andrenoides";"Spinola, 1807";NA;NA;NA;NA;NA;"Arthropoda";"Insecta";"Hymenoptera";"Megachilidae";"Megachilinae";"Osmiini";"Osmia";NA;NA;NA;"leaves";"vegetal";"Scheuchl E., Willner W. 2016. Taschenlexikon der Wildbienen Europas. Quelle & Meyer Verlag Wiebelsheim. 920pp.";"Abeilles";444787
"bfNestMat155";"Osmia andrenoides Spinola, 1807";"53171";"Osmia andrenoides";"Spinola, 1807";NA;NA;NA;NA;NA;"Arthropoda";"Insecta";"Hymenoptera";"Megachilidae";"Megachilinae";"Osmiini";"Osmia";NA;NA;NA;"pebbles";"mineral";"Scheuchl E., Willner W. 2016. Taschenlexikon der Wildbienen Europas. Quelle & Meyer Verlag Wiebelsheim. 920pp.";"Abeilles";444787
"bfNestMat156";"Osmia andrenoides Spinola, 1807";"53171";"Osmia andrenoides";"Spinola, 1807";NA;NA;NA;NA;NA;"Arthropoda";"Insecta";"Hymenoptera";"Megachilidae";"Megachilinae";"Osmiini";"Osmia";NA;NA;NA;"plant particules";"vegetal";"Scheuchl E., Willner W. 2016. Taschenlexikon der Wildbienen Europas. Quelle & Meyer Verlag Wiebelsheim. 920pp.";"Abeilles";444787
"bfNestMat157";"Osmia andrenoides Spinola, 1807";"53171";"Osmia andrenoides";"Spinola, 1807";NA;NA;NA;NA;NA;"Arthropoda";"Insecta";"Hymenoptera";"Megachilidae";"Megachilinae";"Osmiini";"Osmia";NA;NA;NA;"soil";"mineral";"Scheuchl E., Willner W. 2016. Taschenlexikon der Wildbienen Europas. Quelle & Meyer Verlag Wiebelsheim. 920pp.";"Abeilles";444787
"bfNestMat158";"Osmia argyropyga Perez, 1880";"240049";"Osmia argyropyga";"Perez, 1880";NA;NA;NA;NA;NA;"Arthropoda";"Insecta";"Hymenoptera";"Megachilidae";"Megachilinae";"Osmiini";"Osmia";NA;NA;NA;"leaves";"vegetal";"Müller, A. 2018. Palaearctic Osmiine Bees. ETH Zürich. http://blogs.ethz.ch/osmiini";"Abeilles";444698
"bfNestMat159";"Osmia aurulenta (Panzer, 1799)";"53172";"Osmia aurulenta";"(Panzer, 1799)";NA;NA;NA;NA;NA;"Arthropoda";"Insecta";"Hymenoptera";"Megachilidae";"Megachilinae";"Osmiini";"Osmia";NA;NA;NA;"leaves";"vegetal";"Scheuchl E., Willner W. 2016. Taschenlexikon der Wildbienen Europas. Quelle & Meyer Verlag Wiebelsheim. 920pp.";"Abeilles";444787
"bfNestMat160";"Osmia bicolor (Schrank, 1781)";"53173";"Osmia bicolor";"(Schrank, 1781)";NA;NA;NA;NA;NA;"Arthropoda";"Insecta";"Hymenoptera";"Megachilidae";"Megachilinae";"Osmiini";"Osmia";NA;NA;NA;"plant particules";"vegetal";"Scheuchl E., Willner W. 2016. Taschenlexikon der Wildbienen Europas. Quelle & Meyer Verlag Wiebelsheim. 920pp.";"Abeilles";444787
"bfNestMat161";"Osmia bicolor (Schrank, 1781)";"53173";"Osmia bicolor";"(Schrank, 1781)";NA;NA;NA;NA;NA;"Arthropoda";"Insecta";"Hymenoptera";"Megachilidae";"Megachilinae";"Osmiini";"Osmia";NA;NA;NA;"leaves";"vegetal";"Scheuchl E., Willner W. 2016. Taschenlexikon der Wildbienen Europas. Quelle & Meyer Verlag Wiebelsheim. 920pp.";"Abeilles";444787
"bfNestMat162";"Osmia bicolor (Schrank, 1781)";"53173";"Osmia bicolor";"(Schrank, 1781)";NA;NA;NA;NA;NA;"Arthropoda";"Insecta";"Hymenoptera";"Megachilidae";"Megachilinae";"Osmiini";"Osmia";NA;NA;NA;"soil";"mineral";"Scheuchl E., Willner W. 2016. Taschenlexikon der Wildbienen Europas. Quelle & Meyer Verlag Wiebelsheim. 920pp.";"Abeilles";444787
"bfNestMat163";"Osmia bicornis (Linnaeus, 1758)";"816756";"Osmia bicornis";"(Linnaeus, 1758)";NA;NA;NA;NA;NA;"Arthropoda";"Insecta";"Hymenoptera";"Megachilidae";"Megachilinae";"Osmiini";"Osmia";NA;NA;NA;"clay";"mineral";"Scheuchl E., Willner W. 2016. Taschenlexikon der Wildbienen Europas. Quelle & Meyer Verlag Wiebelsheim. 920pp.";"Abeilles";444787
"bfNestMat164";"Osmia bicornis (Linnaeus, 1758)";"816756";"Osmia bicornis";"(Linnaeus, 1758)";NA;NA;NA;NA;NA;"Arthropoda";"Insecta";"Hymenoptera";"Megachilidae";"Megachilinae";"Osmiini";"Osmia";NA;NA;NA;"soil";"mineral";"Scheuchl E., Willner W. 2016. Taschenlexikon der Wildbienen Europas. Quelle & Meyer Verlag Wiebelsheim. 920pp.";"Abeilles";444787
"bfNestMat165";"Osmia bidentata Morawitz, 1875";"814900";"Osmia bidentata";"Morawitz, 1875";NA;NA;NA;NA;NA;"Arthropoda";"Insecta";"Hymenoptera";"Megachilidae";"Megachilinae";"Osmiini";"Osmia";NA;NA;NA;"clay";"mineral";"Scheuchl E., Willner W. 2016. Taschenlexikon der Wildbienen Europas. Quelle & Meyer Verlag Wiebelsheim. 920pp.";"Abeilles";444787
"bfNestMat166";"Osmia brevicornis (Fabricius, 1798)";"240050";"Osmia brevicornis";"(Fabricius, 1798)";NA;NA;NA;NA;NA;"Arthropoda";"Insecta";"Hymenoptera";"Megachilidae";"Megachilinae";"Osmiini";"Osmia";NA;NA;NA;"leaves";"vegetal";"Scheuchl E., Willner W. 2016. Taschenlexikon der Wildbienen Europas. Quelle & Meyer Verlag Wiebelsheim. 920pp.";"Abeilles";444787
"bfNestMat167";"Osmia caerulescens (Linnaeus, 1758)";"53175";"Osmia caerulescens";"(Linnaeus, 1758)";NA;NA;NA;NA;NA;"Arthropoda";"Insecta";"Hymenoptera";"Megachilidae";"Megachilinae";"Osmiini";"Osmia";NA;NA;NA;"leaves";"vegetal";"Scheuchl E., Willner W. 2016. Taschenlexikon der Wildbienen Europas. Quelle & Meyer Verlag Wiebelsheim. 920pp.";"Abeilles";444787
"bfNestMat168";"Osmia cephalotes Morawitz, 1870";"240051";"Osmia cephalotes";"Morawitz, 1870";NA;NA;NA;NA;NA;"Arthropoda";"Insecta";"Hymenoptera";"Megachilidae";"Megachilinae";"Osmiini";"Osmia";NA;NA;NA;"leaves";"vegetal";"Müller, A. 2018. Palaearctic Osmiine Bees. ETH Zürich. http://blogs.ethz.ch/osmiini";"Abeilles";444698
"bfNestMat169";"Osmia cephalotes Morawitz, 1870";"240051";"Osmia cephalotes";"Morawitz, 1870";NA;NA;NA;NA;NA;"Arthropoda";"Insecta";"Hymenoptera";"Megachilidae";"Megachilinae";"Osmiini";"Osmia";NA;NA;NA;"petals";"vegetal";"Müller, A. 2018. Palaearctic Osmiine Bees. ETH Zürich. http://blogs.ethz.ch/osmiini";"Abeilles";444698
"bfNestMat170";"Osmia cephalotes Morawitz, 1870";"240051";"Osmia cephalotes";"Morawitz, 1870";NA;NA;NA;NA;NA;"Arthropoda";"Insecta";"Hymenoptera";"Megachilidae";"Megachilinae";"Osmiini";"Osmia";NA;NA;NA;"soil";"mineral";"Müller, A. 2018. Palaearctic Osmiine Bees. ETH Zürich. http://blogs.ethz.ch/osmiini";"Abeilles";444698
"bfNestMat171";"Osmia cerinthidis Morawitz, 1875";"240052";"Osmia cerinthidis";"Morawitz, 1875";NA;NA;NA;NA;NA;"Arthropoda";"Insecta";"Hymenoptera";"Megachilidae";"Megachilinae";"Osmiini";"Osmia";NA;NA;NA;"soil";"mineral";"Scheuchl E., Willner W. 2016. Taschenlexikon der Wildbienen Europas. Quelle & Meyer Verlag Wiebelsheim. 920pp.";"Abeilles";444787
"bfNestMat172";"Osmia cornuta (Latreille, 1805)";"53176";"Osmia cornuta";"(Latreille, 1805)";NA;NA;NA;NA;NA;"Arthropoda";"Insecta";"Hymenoptera";"Megachilidae";"Megachilinae";"Osmiini";"Osmia";NA;NA;NA;"clay";"mineral";"Scheuchl E., Willner W. 2016. Taschenlexikon der Wildbienen Europas. Quelle & Meyer Verlag Wiebelsheim. 920pp.";"Abeilles";444787
"bfNestMat173";"Osmia cornuta (Latreille, 1805)";"53176";"Osmia cornuta";"(Latreille, 1805)";NA;NA;NA;NA;NA;"Arthropoda";"Insecta";"Hymenoptera";"Megachilidae";"Megachilinae";"Osmiini";"Osmia";NA;NA;NA;"soil";"mineral";"Scheuchl E., Willner W. 2016. Taschenlexikon der Wildbienen Europas. Quelle & Meyer Verlag Wiebelsheim. 920pp.";"Abeilles";444787
"bfNestMat174";"Osmia cyanoxantha Perez, 1880";"240054";"Osmia cyanoxantha";"Perez, 1880";NA;NA;NA;NA;NA;"Arthropoda";"Insecta";"Hymenoptera";"Megachilidae";"Megachilinae";"Osmiini";"Osmia";NA;NA;NA;"leaves";"vegetal";"Amiet, F., Herrmann, M., Müller, A., Neumeyer, R. 2004. Apidae 4: Anthidium, Chelostoma, Coelioxys, Dioxys, Heriades, Lithurgus, Megachile, Osmia, Stelis. Fauna Helvetica 9. 273 pp.";"Abeilles";444858
"bfNestMat175";"Osmia dimidiata Morawitz, 1870";"240055";"Osmia dimidiata";"Morawitz, 1870";NA;NA;NA;NA;NA;"Arthropoda";"Insecta";"Hymenoptera";"Megachilidae";"Megachilinae";"Osmiini";"Osmia";NA;NA;NA;"leaves";"vegetal";"Müller, A. 2018. Palaearctic Osmiine Bees. ETH Zürich. http://blogs.ethz.ch/osmiini";"Abeilles";444698
"bfNestMat176";"Osmia emarginata Lepeletier, 1841";"240056";"Osmia emarginata";"Lepeletier, 1841";NA;NA;NA;NA;NA;"Arthropoda";"Insecta";"Hymenoptera";"Megachilidae";"Megachilinae";"Osmiini";"Osmia";NA;NA;NA;"leaves";"vegetal";"Müller, A. 2018. Palaearctic Osmiine Bees. ETH Zürich. http://blogs.ethz.ch/osmiini";"Abeilles";444698
"bfNestMat177";"Osmia ferruginea Latreille, 1811";"240057";"Osmia ferruginea";"Latreille, 1811";NA;NA;NA;NA;NA;"Arthropoda";"Insecta";"Hymenoptera";"Megachilidae";"Megachilinae";"Osmiini";"Osmia";NA;NA;NA;"leaves";"vegetal";"Müller, A. 2018. Palaearctic Osmiine Bees. ETH Zürich. http://blogs.ethz.ch/osmiini";"Abeilles";444698
"bfNestMat178";"Osmia ferruginea Latreille, 1811";"240057";"Osmia ferruginea";"Latreille, 1811";NA;NA;NA;NA;NA;"Arthropoda";"Insecta";"Hymenoptera";"Megachilidae";"Megachilinae";"Osmiini";"Osmia";NA;NA;NA;"plant particules";"vegetal";"Müller, A. 2018. Palaearctic Osmiine Bees. ETH Zürich. http://blogs.ethz.ch/osmiini";"Abeilles";444698
"bfNestMat179";"Osmia ferruginea Latreille, 1811";"240057";"Osmia ferruginea";"Latreille, 1811";NA;NA;NA;NA;NA;"Arthropoda";"Insecta";"Hymenoptera";"Megachilidae";"Megachilinae";"Osmiini";"Osmia";NA;NA;NA;"petals";"vegetal";"Müller, A. 2018. Palaearctic Osmiine Bees. ETH Zürich. http://blogs.ethz.ch/osmiini";"Abeilles";444698
"bfNestMat180";"Osmia gallarum Spinola, 1807";"53181";"Osmia gallarum";"Spinola, 1807";NA;NA;NA;NA;NA;"Arthropoda";"Insecta";"Hymenoptera";"Megachilidae";"Megachilinae";"Osmiini";"Osmia";NA;NA;NA;"leaves";"vegetal";"Scheuchl E., Willner W. 2016. Taschenlexikon der Wildbienen Europas. Quelle & Meyer Verlag Wiebelsheim. 920pp.";"Abeilles";444787
"bfNestMat181";"Osmia inermis (Zetterstedt, 1838)";"240060";"Osmia inermis";"(Zetterstedt, 1838)";NA;NA;NA;NA;NA;"Arthropoda";"Insecta";"Hymenoptera";"Megachilidae";"Megachilinae";"Osmiini";"Osmia";NA;NA;NA;"leaves";"vegetal";"Scheuchl E., Willner W. 2016. Taschenlexikon der Wildbienen Europas. Quelle & Meyer Verlag Wiebelsheim. 920pp.";"Abeilles";444787
"bfNestMat182";"Osmia latreillei (Spinola, 1806)";"240064";"Osmia latreillei";"(Spinola, 1806)";NA;NA;NA;NA;NA;"Arthropoda";"Insecta";"Hymenoptera";"Megachilidae";"Megachilinae";"Osmiini";"Osmia";NA;NA;NA;"leaves";"vegetal";"Scheuchl E., Willner W. 2016. Taschenlexikon der Wildbienen Europas. Quelle & Meyer Verlag Wiebelsheim. 920pp.";"Abeilles";444787
"bfNestMat183";"Osmia leaiana (Kirby, 1802)";"240065";"Osmia leaiana";"(Kirby, 1802)";NA;NA;NA;NA;NA;"Arthropoda";"Insecta";"Hymenoptera";"Megachilidae";"Megachilinae";"Osmiini";"Osmia";NA;NA;NA;"leaves";"vegetal";"Scheuchl E., Willner W. 2016. Taschenlexikon der Wildbienen Europas. Quelle & Meyer Verlag Wiebelsheim. 920pp.";"Abeilles";444787
"bfNestMat184";"Osmia ligurica Morawitz, 1868";"814904";"Osmia ligurica";"Morawitz, 1868";NA;NA;NA;NA;NA;"Arthropoda";"Insecta";"Hymenoptera";"Megachilidae";"Megachilinae";"Osmiini";"Osmia";NA;NA;NA;"leaves";"vegetal";"Scheuchl E., Willner W. 2016. Taschenlexikon der Wildbienen Europas. Quelle & Meyer Verlag Wiebelsheim. 920pp.";"Abeilles";444787
"bfNestMat185";"Osmia lunata Benoist, 1928";"240066";"Osmia lunata";"Benoist, 1928";NA;NA;NA;NA;NA;"Arthropoda";"Insecta";"Hymenoptera";"Megachilidae";"Megachilinae";"Osmiini";"Osmia";NA;NA;NA;"petals";"vegetal";"Müller, A. 2018. Palaearctic Osmiine Bees. ETH Zürich. http://blogs.ethz.ch/osmiini";"Abeilles";444698
"bfNestMat186";"Osmia lunata Benoist, 1928";"240066";"Osmia lunata";"Benoist, 1928";NA;NA;NA;NA;NA;"Arthropoda";"Insecta";"Hymenoptera";"Megachilidae";"Megachilinae";"Osmiini";"Osmia";NA;NA;NA;"soil";"mineral";"Müller, A. 2018. Palaearctic Osmiine Bees. ETH Zürich. http://blogs.ethz.ch/osmiini";"Abeilles";444698
"bfNestMat187";"Osmia melanogaster Spinola, 1807";"240067";"Osmia melanogaster";"Spinola, 1807";NA;NA;NA;NA;NA;"Arthropoda";"Insecta";"Hymenoptera";"Megachilidae";"Megachilinae";"Osmiini";"Osmia";NA;NA;NA;"leaves";"vegetal";"Scheuchl E., Willner W. 2016. Taschenlexikon der Wildbienen Europas. Quelle & Meyer Verlag Wiebelsheim. 920pp.";"Abeilles";444787
"bfNestMat188";"Osmia mustelina Gerstäcker, 1869";"318412";"Osmia mustelina";"Gerstacker, 1869";NA;NA;NA;NA;NA;"Arthropoda";"Insecta";"Hymenoptera";"Megachilidae";"Megachilinae";"Osmiini";"Osmia";NA;NA;NA;"leaves";"vegetal";"Scheuchl E., Willner W. 2016. Taschenlexikon der Wildbienen Europas. Quelle & Meyer Verlag Wiebelsheim. 920pp.";"Abeilles";444787
"bfNestMat189";"Osmia nigriventris (Zetterstedt, 1838)";"240071";"Osmia nigriventris";"(Zetterstedt, 1838)";NA;NA;NA;NA;NA;"Arthropoda";"Insecta";"Hymenoptera";"Megachilidae";"Megachilinae";"Osmiini";"Osmia";NA;NA;NA;"leaves";"vegetal";"Scheuchl E., Willner W. 2016. Taschenlexikon der Wildbienen Europas. Quelle & Meyer Verlag Wiebelsheim. 920pp.";"Abeilles";444787
"bfNestMat190";"Osmia niveata (Fabricius, 1804)";"240072";"Osmia niveata";"(Fabricius, 1804)";NA;NA;NA;NA;NA;"Arthropoda";"Insecta";"Hymenoptera";"Megachilidae";"Megachilinae";"Osmiini";"Osmia";NA;NA;NA;"leaves";"vegetal";"Scheuchl E., Willner W. 2016. Taschenlexikon der Wildbienen Europas. Quelle & Meyer Verlag Wiebelsheim. 920pp.";"Abeilles";444787
"bfNestMat191";"Osmia parietina Curtis, 1828";"240074";"Osmia parietina";"Curtis, 1828";NA;NA;NA;NA;NA;"Arthropoda";"Insecta";"Hymenoptera";"Megachilidae";"Megachilinae";"Osmiini";"Osmia";NA;NA;NA;"leaves";"vegetal";"Scheuchl E., Willner W. 2016. Taschenlexikon der Wildbienen Europas. Quelle & Meyer Verlag Wiebelsheim. 920pp.";"Abeilles";444787
"bfNestMat192";"Osmia rufohirta Latreille, 1811";"53186";"Osmia rufohirta";"Latreille, 1811";NA;NA;NA;NA;NA;"Arthropoda";"Insecta";"Hymenoptera";"Megachilidae";"Megachilinae";"Osmiini";"Osmia";NA;NA;NA;"pebbles";"mineral";"Scheuchl E., Willner W. 2016. Taschenlexikon der Wildbienen Europas. Quelle & Meyer Verlag Wiebelsheim. 920pp.";"Abeilles";444787
"bfNestMat193";"Osmia saxicola Ducke, 1899";"318423";"Osmia saxicola";"Ducke, 1899";NA;NA;NA;NA;NA;"Arthropoda";"Insecta";"Hymenoptera";"Megachilidae";"Megachilinae";"Osmiini";"Osmia";NA;NA;NA;"leaves";"vegetal";"Müller, A. 2018. Palaearctic Osmiine Bees. ETH Zürich. http://blogs.ethz.ch/osmiini";"Abeilles";444698
"bfNestMat194";"Osmia saxicola Ducke, 1899";"318423";"Osmia saxicola";"Ducke, 1899";NA;NA;NA;NA;NA;"Arthropoda";"Insecta";"Hymenoptera";"Megachilidae";"Megachilinae";"Osmiini";"Osmia";NA;NA;NA;"petals";"vegetal";"Müller, A. 2018. Palaearctic Osmiine Bees. ETH Zürich. http://blogs.ethz.ch/osmiini";"Abeilles";444698
"bfNestMat195";"Osmia signata Erichson in Waltl, 1835";"240077";"Osmia signata";"Erichson in Waltl, 1835";NA;NA;NA;NA;NA;"Arthropoda";"Insecta";"Hymenoptera";"Megachilidae";"Megachilinae";"Osmiini";"Osmia";NA;NA;NA;"leaves";"vegetal";"Vereecken, N., Niolu, P., Dufrêne, e. & Le goff, G. 2010. Observations sur les nids de deux chalicodomes et leurs occupants en Sardaigne (Italie). Osmia, 4: 15-19.";"Abeilles";447747
"bfNestMat196";"Osmia spinulosa (Kirby, 1802)";"718484";"Osmia spinulosa";"(Kirby, 1802)";NA;NA;NA;NA;NA;"Arthropoda";"Insecta";"Hymenoptera";"Megachilidae";"Megachilinae";"Osmiini";"Osmia";NA;NA;NA;"leaves";"vegetal";"Scheuchl E., Willner W. 2016. Taschenlexikon der Wildbienen Europas. Quelle & Meyer Verlag Wiebelsheim. 920pp.";"Abeilles";444787
"bfNestMat197";"Osmia submicans Morawitz, 1870";"240078";"Osmia submicans";"Morawitz, 1870";NA;NA;NA;NA;NA;"Arthropoda";"Insecta";"Hymenoptera";"Megachilidae";"Megachilinae";"Osmiini";"Osmia";NA;NA;NA;"clay";"mineral";"Scheuchl E., Willner W. 2016. Taschenlexikon der Wildbienen Europas. Quelle & Meyer Verlag Wiebelsheim. 920pp.";"Abeilles";444787
"bfNestMat198";"Osmia submicans Morawitz, 1870";"240078";"Osmia submicans";"Morawitz, 1870";NA;NA;NA;NA;NA;"Arthropoda";"Insecta";"Hymenoptera";"Megachilidae";"Megachilinae";"Osmiini";"Osmia";NA;NA;NA;"sand";"mineral";"Scheuchl E., Willner W. 2016. Taschenlexikon der Wildbienen Europas. Quelle & Meyer Verlag Wiebelsheim. 920pp.";"Abeilles";444787
"bfNestMat199";"Osmia tergestensis Ducke, 1897";"718487";"Osmia tergestensis";"Ducke, 1897";NA;NA;NA;NA;NA;"Arthropoda";"Insecta";"Hymenoptera";"Megachilidae";"Megachilinae";"Osmiini";"Osmia";NA;NA;NA;"clay";"mineral";"Scheuchl E., Willner W. 2016. Taschenlexikon der Wildbienen Europas. Quelle & Meyer Verlag Wiebelsheim. 920pp.";"Abeilles";444787
"bfNestMat200";"Osmia tergestensis Ducke, 1897";"718487";"Osmia tergestensis";"Ducke, 1897";NA;NA;NA;NA;NA;"Arthropoda";"Insecta";"Hymenoptera";"Megachilidae";"Megachilinae";"Osmiini";"Osmia";NA;NA;NA;"pebbles";"mineral";"Scheuchl E., Willner W. 2016. Taschenlexikon der Wildbienen Europas. Quelle & Meyer Verlag Wiebelsheim. 920pp.";"Abeilles";444787
"bfNestMat201";"Osmia tergestensis Ducke, 1897";"718487";"Osmia tergestensis";"Ducke, 1897";NA;NA;NA;NA;NA;"Arthropoda";"Insecta";"Hymenoptera";"Megachilidae";"Megachilinae";"Osmiini";"Osmia";NA;NA;NA;"leaves";"vegetal";"Scheuchl E., Willner W. 2016. Taschenlexikon der Wildbienen Europas. Quelle & Meyer Verlag Wiebelsheim. 920pp.";"Abeilles";444787
"bfNestMat202";"Osmia tricornis Latreille, 1811";"240079";"Osmia tricornis";"Latreille, 1811";NA;NA;NA;NA;NA;"Arthropoda";"Insecta";"Hymenoptera";"Megachilidae";"Megachilinae";"Osmiini";"Osmia";NA;NA;NA;"soil";"mineral";"Müller, A. 2018. Palaearctic Osmiine Bees. ETH Zürich. http://blogs.ethz.ch/osmiini";"Abeilles";444698
"bfNestMat203";"Osmia versicolor Latreille, 1811";"240081";"Osmia versicolor";"Latreille, 1811";NA;NA;NA;NA;NA;"Arthropoda";"Insecta";"Hymenoptera";"Megachilidae";"Megachilinae";"Osmiini";"Osmia";NA;NA;NA;"pebbles";"mineral";"Scheuchl E., Willner W. 2016. Taschenlexikon der Wildbienen Europas. Quelle & Meyer Verlag Wiebelsheim. 920pp.";"Abeilles";444787
"bfNestMat204";"Osmia versicolor Latreille, 1811";"240081";"Osmia versicolor";"Latreille, 1811";NA;NA;NA;NA;NA;"Arthropoda";"Insecta";"Hymenoptera";"Megachilidae";"Megachilinae";"Osmiini";"Osmia";NA;NA;NA;"leaves";"vegetal";"Scheuchl E., Willner W. 2016. Taschenlexikon der Wildbienen Europas. Quelle & Meyer Verlag Wiebelsheim. 920pp.";"Abeilles";444787
"bfNestMat205";"Osmia versicolor Latreille, 1811";"240081";"Osmia versicolor";"Latreille, 1811";NA;NA;NA;NA;NA;"Arthropoda";"Insecta";"Hymenoptera";"Megachilidae";"Megachilinae";"Osmiini";"Osmia";NA;NA;NA;"soil";"mineral";"Scheuchl E., Willner W. 2016. Taschenlexikon der Wildbienen Europas. Quelle & Meyer Verlag Wiebelsheim. 920pp.";"Abeilles";444787
"bfNestMat206";"Osmia viridana Morawitz, 1873";"240083";"Osmia viridana";"Morawitz, 1873";NA;NA;NA;NA;NA;"Arthropoda";"Insecta";"Hymenoptera";"Megachilidae";"Megachilinae";"Osmiini";"Osmia";NA;NA;NA;"pebbles";"mineral";"Scheuchl E., Willner W. 2016. Taschenlexikon der Wildbienen Europas. Quelle & Meyer Verlag Wiebelsheim. 920pp.";"Abeilles";444787
"bfNestMat207";"Osmia viridana Morawitz, 1873";"240083";"Osmia viridana";"Morawitz, 1873";NA;NA;NA;NA;NA;"Arthropoda";"Insecta";"Hymenoptera";"Megachilidae";"Megachilinae";"Osmiini";"Osmia";NA;NA;NA;"plant particules";"vegetal";"Scheuchl E., Willner W. 2016. Taschenlexikon der Wildbienen Europas. Quelle & Meyer Verlag Wiebelsheim. 920pp.";"Abeilles";444787
"bfNestMat208";"Osmia viridana Morawitz, 1873";"240083";"Osmia viridana";"Morawitz, 1873";NA;NA;NA;NA;NA;"Arthropoda";"Insecta";"Hymenoptera";"Megachilidae";"Megachilinae";"Osmiini";"Osmia";NA;NA;NA;"soil";"mineral";"Scheuchl E., Willner W. 2016. Taschenlexikon der Wildbienen Europas. Quelle & Meyer Verlag Wiebelsheim. 920pp.";"Abeilles";444787
"bfNestMat209";"Osmia xanthomelana (Kirby, 1802)";"240084";"Osmia xanthomelana";"(Kirby, 1802)";NA;NA;NA;NA;NA;"Arthropoda";"Insecta";"Hymenoptera";"Megachilidae";"Megachilinae";"Osmiini";"Osmia";NA;NA;NA;"pine needles";"vegetal";"Scheuchl E., Willner W. 2016. Taschenlexikon der Wildbienen Europas. Quelle & Meyer Verlag Wiebelsheim. 920pp.";"Abeilles";444787
"bfNestMat210";"Osmia xanthomelana (Kirby, 1802)";"240084";"Osmia xanthomelana";"(Kirby, 1802)";NA;NA;NA;NA;NA;"Arthropoda";"Insecta";"Hymenoptera";"Megachilidae";"Megachilinae";"Osmiini";"Osmia";NA;NA;NA;"grass";"vegetal";"Scheuchl E., Willner W. 2016. Taschenlexikon der Wildbienen Europas. Quelle & Meyer Verlag Wiebelsheim. 920pp.";"Abeilles";444787
"bfNestMat211";"Osmia xanthomelana (Kirby, 1802)";"240084";"Osmia xanthomelana";"(Kirby, 1802)";NA;NA;NA;NA;NA;"Arthropoda";"Insecta";"Hymenoptera";"Megachilidae";"Megachilinae";"Osmiini";"Osmia";NA;NA;NA;"roots";"vegetal";"Scheuchl E., Willner W. 2016. Taschenlexikon der Wildbienen Europas. Quelle & Meyer Verlag Wiebelsheim. 920pp.";"Abeilles";444787
"bfNestMat212";"Panurgus calcaratus (Scopoli, 1763)";"240087";"Panurgus calcaratus";"(Scopoli, 1763)";NA;NA;NA;NA;NA;"Arthropoda";"Insecta";"Hymenoptera";"Andrenidae";"Panurginae";"Panurgini";"Panurgus";NA;NA;NA;"soil";"mineral";"Genoud D. 2016. Diversite des abeilles sauvages (Hymenoptera : Apoidea) de l'île de Porquerolles (France, Var), Sci. Rep. Port Cros national Park, 30: 95-143.";"Abeilles";444912
"bfNestMat213";"Panurgus canescens Latreille, 1811";"240088";"Panurgus canescens";"Latreille, 1811";NA;NA;NA;NA;NA;"Arthropoda";"Insecta";"Hymenoptera";"Andrenidae";"Panurginae";"Panurgini";"Panurgus";NA;NA;NA;"soil";"mineral";"Genoud D. 2016. Diversite des abeilles sauvages (Hymenoptera : Apoidea) de l'île de Porquerolles (France, Var), Sci. Rep. Port Cros national Park, 30: 95-143.";"Abeilles";444912
"bfNestMat214";"Panurgus dentipes Latreille, 1811";"240091";"Panurgus dentipes";"Latreille, 1811";NA;NA;NA;NA;NA;"Arthropoda";"Insecta";"Hymenoptera";"Andrenidae";"Panurginae";"Panurgini";"Panurgus";NA;NA;NA;"soil";"mineral";"Genoud D. 2016. Diversite des abeilles sauvages (Hymenoptera : Apoidea) de l'île de Porquerolles (France, Var), Sci. Rep. Port Cros national Park, 30: 95-143.";"Abeilles";444912
"bfNestMat215";"Protosmia exenterata (Perez in Ferton, 1895)";"240094";"Protosmia exenterata";"(Perez in Ferton, 1895)";NA;NA;NA;NA;NA;"Arthropoda";"Insecta";"Hymenoptera";"Megachilidae";"Megachilinae";"Osmiini";"Protosmia";NA;NA;NA;"resin";"vegetal";"Müller, A. 2018. Palaearctic Osmiine Bees. ETH Zürich. http://blogs.ethz.ch/osmiini";"Abeilles";444698
"bfNestMat216";"Protosmia glutinosa (Giraud, 1872)";"318473";"Protosmia glutinosa";"(Giraud, 1872)";NA;NA;NA;NA;NA;"Arthropoda";"Insecta";"Hymenoptera";"Megachilidae";"Megachilinae";"Osmiini";"Protosmia";NA;NA;NA;"resin";"vegetal";"Müller, A. 2018. Palaearctic Osmiine Bees. ETH Zürich. http://blogs.ethz.ch/osmiini";"Abeilles";444698
"bfNestMat217";"Pseudoanthidium melanurum (Klug, 1832)";"240099";"Pseudoanthidium melanurum";"(Klug, 1832)";NA;NA;NA;NA;NA;"Arthropoda";"Insecta";"Hymenoptera";"Megachilidae";"Megachilinae";"Anthidiini";"Pseudoanthidium";NA;NA;NA;"leaves";"vegetal";"Scheuchl E., Willner W. 2016. Taschenlexikon der Wildbienen Europas. Quelle & Meyer Verlag Wiebelsheim. 920pp.";"Abeilles";444787
"bfNestMat218";"Pseudoanthidium nanum (Mocsary, 1881)";"808468";"Pseudoanthidium nanum";"(Mocsary, 1881)";NA;NA;NA;NA;NA;"Arthropoda";"Insecta";"Hymenoptera";"Megachilidae";"Megachilinae";"Anthidiini";"Pseudoanthidium";NA;NA;NA;"fibers";"vegetal";"Scheuchl E., Willner W. 2016. Taschenlexikon der Wildbienen Europas. Quelle & Meyer Verlag Wiebelsheim. 920pp.";"Abeilles";444787
"bfNestMat219";"Pseudoanthidium nanum (Mocsary, 1881)";"808468";"Pseudoanthidium nanum";"(Mocsary, 1881)";NA;NA;NA;NA;NA;"Arthropoda";"Insecta";"Hymenoptera";"Megachilidae";"Megachilinae";"Anthidiini";"Pseudoanthidium";NA;NA;NA;"leaves";"vegetal";"Scheuchl E., Willner W. 2016. Taschenlexikon der Wildbienen Europas. Quelle & Meyer Verlag Wiebelsheim. 920pp.";"Abeilles";444787
"bfNestMat220";"Pseudoanthidium reticulatum (Mocsary, 1884)";"240100";"Pseudoanthidium reticulatum";"(Mocsary, 1884)";NA;NA;NA;NA;NA;"Arthropoda";"Insecta";"Hymenoptera";"Megachilidae";"Megachilinae";"Anthidiini";"Pseudoanthidium";NA;NA;NA;"leaves";"vegetal";"Scheuchl E., Willner W. 2016. Taschenlexikon der Wildbienen Europas. Quelle & Meyer Verlag Wiebelsheim. 920pp.";"Abeilles";444787
"bfNestMat221";"Pseudoanthidium scapulare (Latreille, 1809)";"814908";"Pseudoanthidium scapulare";"(Latreille, 1809)";NA;NA;NA;NA;NA;"Arthropoda";"Insecta";"Hymenoptera";"Megachilidae";"Megachilinae";"Anthidiini";"Pseudoanthidium";NA;NA;NA;"leaves";"vegetal";"Scheuchl E., Willner W. 2016. Taschenlexikon der Wildbienen Europas. Quelle & Meyer Verlag Wiebelsheim. 920pp.";"Abeilles";444787
"bfNestMat222";"Rhodanthidium caturigense (Giraud, 1863)";"240101";"Rhodanthidium caturigense";"(Giraud, 1863)";NA;NA;NA;NA;NA;"Arthropoda";"Insecta";"Hymenoptera";"Megachilidae";"Megachilinae";"Anthidiini";"Rhodanthidium";NA;NA;NA;"pebbles";"mineral";"Scheuchl E., Willner W. 2016. Taschenlexikon der Wildbienen Europas. Quelle & Meyer Verlag Wiebelsheim. 920pp.";"Abeilles";444787
"bfNestMat223";"Rhodanthidium caturigense (Giraud, 1863)";"240101";"Rhodanthidium caturigense";"(Giraud, 1863)";NA;NA;NA;NA;NA;"Arthropoda";"Insecta";"Hymenoptera";"Megachilidae";"Megachilinae";"Anthidiini";"Rhodanthidium";NA;NA;NA;"leaves";"vegetal";"Scheuchl E., Willner W. 2016. Taschenlexikon der Wildbienen Europas. Quelle & Meyer Verlag Wiebelsheim. 920pp.";"Abeilles";444787
"bfNestMat224";"Rhodanthidium caturigense (Giraud, 1863)";"240101";"Rhodanthidium caturigense";"(Giraud, 1863)";NA;NA;NA;NA;NA;"Arthropoda";"Insecta";"Hymenoptera";"Megachilidae";"Megachilinae";"Anthidiini";"Rhodanthidium";NA;NA;NA;"plant particules";"vegetal";"Scheuchl E., Willner W. 2016. Taschenlexikon der Wildbienen Europas. Quelle & Meyer Verlag Wiebelsheim. 920pp.";"Abeilles";444787
"bfNestMat225";"Rhodanthidium caturigense (Giraud, 1863)";"240101";"Rhodanthidium caturigense";"(Giraud, 1863)";NA;NA;NA;NA;NA;"Arthropoda";"Insecta";"Hymenoptera";"Megachilidae";"Megachilinae";"Anthidiini";"Rhodanthidium";NA;NA;NA;"resin";"vegetal";"Scheuchl E., Willner W. 2016. Taschenlexikon der Wildbienen Europas. Quelle & Meyer Verlag Wiebelsheim. 920pp.";"Abeilles";444787
"bfNestMat226";"Rhodanthidium septemdentatum (Latreille, 1809)";"240104";"Rhodanthidium septemdentatum";"(Latreille, 1809)";NA;NA;NA;NA;NA;"Arthropoda";"Insecta";"Hymenoptera";"Megachilidae";"Megachilinae";"Anthidiini";"Rhodanthidium";NA;NA;NA;"pebbles";"mineral";"Scheuchl E., Willner W. 2016. Taschenlexikon der Wildbienen Europas. Quelle & Meyer Verlag Wiebelsheim. 920pp.";"Abeilles";444787
"bfNestMat227";"Rhodanthidium septemdentatum (Latreille, 1809)";"240104";"Rhodanthidium septemdentatum";"(Latreille, 1809)";NA;NA;NA;NA;NA;"Arthropoda";"Insecta";"Hymenoptera";"Megachilidae";"Megachilinae";"Anthidiini";"Rhodanthidium";NA;NA;NA;"resin";"vegetal";"Scheuchl E., Willner W. 2016. Taschenlexikon der Wildbienen Europas. Quelle & Meyer Verlag Wiebelsheim. 920pp.";"Abeilles";444787
"bfNestMat228";"Trachusa byssina (Panzer, 1798)";"815229";"Trachusa byssina";"(Panzer, 1798)";NA;NA;NA;NA;NA;"Arthropoda";"Insecta";"Hymenoptera";"Megachilidae";"Megachilinae";"Anthidiini";"Trachusa";NA;NA;NA;"leaves";"vegetal";"Scheuchl E., Willner W. 2016. Taschenlexikon der Wildbienen Europas. Quelle & Meyer Verlag Wiebelsheim. 920pp.";"Abeilles";444787
"bfNestMat229";"Trachusa byssina (Panzer, 1798)";"815229";"Trachusa byssina";"(Panzer, 1798)";NA;NA;NA;NA;NA;"Arthropoda";"Insecta";"Hymenoptera";"Megachilidae";"Megachilinae";"Anthidiini";"Trachusa";NA;NA;NA;"resin";"vegetal";"Scheuchl E., Willner W. 2016. Taschenlexikon der Wildbienen Europas. Quelle & Meyer Verlag Wiebelsheim. 920pp.";"Abeilles";444787
"bfNestMat230";"Trachusa interrupta (Fabricius, 1781)";"240175";"Trachusa interrupta";"(Fabricius, 1781)";NA;NA;NA;NA;NA;"Arthropoda";"Insecta";"Hymenoptera";"Megachilidae";"Megachilinae";"Anthidiini";"Trachusa";NA;NA;NA;"leaves";"vegetal";"Scheuchl E., Willner W. 2016. Taschenlexikon der Wildbienen Europas. Quelle & Meyer Verlag Wiebelsheim. 920pp.";"Abeilles";444787
"bfNestMat231";"Trachusa interrupta (Fabricius, 1781)";"240175";"Trachusa interrupta";"(Fabricius, 1781)";NA;NA;NA;NA;NA;"Arthropoda";"Insecta";"Hymenoptera";"Megachilidae";"Megachilinae";"Anthidiini";"Trachusa";NA;NA;NA;"resin";"vegetal";"Scheuchl E., Willner W. 2016. Taschenlexikon der Wildbienen Europas. Quelle & Meyer Verlag Wiebelsheim. 920pp.";"Abeilles";444787
"bfNestMat232";"Trachusa laeviventris (Dours, 1873)";"814909";"Trachusa laeviventris";"(Dours, 1873)";NA;NA;NA;NA;NA;"Arthropoda";"Insecta";"Hymenoptera";"Megachilidae";"Megachilinae";"Anthidiini";"Trachusa";NA;NA;NA;"leaves";"vegetal";"Bogusch, P. & Straka, J. 2014. Trachusa laeviventris (Europe assessment). The IUCN Red List of Threatened Species 2014: e.T19198943A21146488. Accessed on 28 February 2024. https://www.iucnredlist.org/fr/species/19198943/21146488";"Abeilles";444889
"bfNestMat233";"Trachusa laeviventris (Dours, 1873)";"814909";"Trachusa laeviventris";"(Dours, 1873)";NA;NA;NA;NA;NA;"Arthropoda";"Insecta";"Hymenoptera";"Megachilidae";"Megachilinae";"Anthidiini";"Trachusa";NA;NA;NA;"resin";"vegetal";"Bogusch, P. & Straka, J. 2014. Trachusa laeviventris (Europe assessment). The IUCN Red List of Threatened Species 2014: e.T19198943A21146488. Accessed on 28 February 2024. https://www.iucnredlist.org/fr/species/19198943/21146488";"Abeilles";444889
"bfNestMat234";"Trachusa laticeps (Morawitz, 1873)";"240176";"Trachusa laticeps";"(Morawitz, 1873)";NA;NA;NA;NA;NA;"Arthropoda";"Insecta";"Hymenoptera";"Megachilidae";"Megachilinae";"Anthidiini";"Trachusa";NA;NA;NA;"resin";"vegetal";"Bogusch, P. & Straka, J. 2014. Trachusa laticeps (Europe assessment). The IUCN Red List of Threatened Species 2014: e.T19199855A21146493. Accessed on 14 March 2024.";"Abeilles";447748
"bfNestMat235";"Xylocopa iris (Christ, 1791)";"240178";"Xylocopa iris";"(Christ, 1791)";NA;NA;NA;NA;NA;"Arthropoda";"Insecta";"Hymenoptera";"Apidae";"Xylocopinae";"Xylocopini";"Xylocopa";NA;NA;NA;"plant particules";"vegetal";"Scheuchl E., Willner W. 2016. Taschenlexikon der Wildbienen Europas. Quelle & Meyer Verlag Wiebelsheim. 920pp.";"Abeilles";444787
"bfNestMat236";"Xylocopa valga Gerstacker, 1872";"240179";"Xylocopa valga";"Gerstacker, 1872";NA;NA;NA;NA;NA;"Arthropoda";"Insecta";"Hymenoptera";"Apidae";"Xylocopinae";"Xylocopini";"Xylocopa";NA;NA;NA;"plant particules";"vegetal";"Scheuchl E., Willner W. 2016. Taschenlexikon der Wildbienen Europas. Quelle & Meyer Verlag Wiebelsheim. 920pp.";"Abeilles";444787
"bfNestMat237";"Xylocopa violacea (Linnaeus, 1758)";"53198";"Xylocopa violacea";"(Linnaeus, 1758)";NA;NA;NA;NA;NA;"Arthropoda";"Insecta";"Hymenoptera";"Apidae";"Xylocopinae";"Xylocopini";"Xylocopa";NA;NA;NA;"plant particules";"vegetal";"Scheuchl E., Willner W. 2016. Taschenlexikon der Wildbienen Europas. Quelle & Meyer Verlag Wiebelsheim. 920pp.";"Abeilles";444787
