"BeeFuncID";"VALID_NAME";"CD_NOM";"LB_NOM";"LB_AUTHOR";"INHERITED_FROM";"LB_NOM_INHERITED_FROM";"LB_AUTEUR_INHERITED_FROM";"ORIGIN";"KINGDOM";"PHYLUM";"CLASS";"ORDER";"FAMILY";"SUBFAMILY";"TRIBE";"GENUS";"GROUP1_INPN";"GROUP2_INPN";"GROUP3_INPN";"NUMBER_OF_CELLS";"STATISTIC";"SOURCE";"DATASET_TITLE";"SOURCE_ID"
"bfNestCel1";"Andrena barbilabris (Kirby, 1802)";"239313";"Andrena barbilabris";"(Kirby, 1802)";NA;NA;NA;NA;NA;"Arthropoda";"Insecta";"Hymenoptera";"Andrenidae";"Andreninae";NA;"Andrena";NA;NA;NA;3;"max";"SwissBeeTeam. 2018. Atlas en ligne des abeilles sauvages de Suisse. InfoFauna. http://swisswildbee.ch.";"Abeilles";444815
"bfNestCel2";"Andrena bimaculata (Kirby, 1802)";"239316";"Andrena bimaculata";"(Kirby, 1802)";NA;NA;NA;NA;NA;"Arthropoda";"Insecta";"Hymenoptera";"Andrenidae";"Andreninae";NA;"Andrena";NA;NA;NA;3;"max";"Scheuchl E., Willner W. 2016. Taschenlexikon der Wildbienen Europas. Quelle & Meyer Verlag Wiebelsheim. 920pp.";"Abeilles";444787
"bfNestCel3";"Andrena chrysopus Perez, 1903";"239323";"Andrena chrysopus";"Perez, 1903";NA;NA;NA;NA;NA;"Arthropoda";"Insecta";"Hymenoptera";"Andrenidae";"Andreninae";NA;"Andrena";NA;NA;NA;11;"max";"Scheuchl E., Willner W. 2016. Taschenlexikon der Wildbienen Europas. Quelle & Meyer Verlag Wiebelsheim. 920pp.";"Abeilles";444787
"bfNestCel4";"Andrena cineraria (Linnaeus, 1758)";"53077";"Andrena cineraria";"(Linnaeus, 1758)";NA;NA;NA;NA;NA;"Arthropoda";"Insecta";"Hymenoptera";"Andrenidae";"Andreninae";NA;"Andrena";NA;NA;NA;3;"max";"Scheuchl E., Willner W. 2016. Taschenlexikon der Wildbienen Europas. Quelle & Meyer Verlag Wiebelsheim. 920pp.";"Abeilles";444787
"bfNestCel5";"Andrena hattorfiana (Fabricius, 1775)";"239363";"Andrena hattorfiana";"(Fabricius, 1775)";NA;NA;NA;NA;NA;"Arthropoda";"Insecta";"Hymenoptera";"Andrenidae";"Andreninae";NA;"Andrena";NA;NA;NA;10;"max";"SwissBeeTeam. 2018. Atlas en ligne des abeilles sauvages de Suisse. InfoFauna. http://swisswildbee.ch.";"Abeilles";444815
"bfNestCel6";"Andrena humilis Imhoff, 1832";"239368";"Andrena humilis";"Imhoff, 1832";NA;NA;NA;NA;NA;"Arthropoda";"Insecta";"Hymenoptera";"Andrenidae";"Andreninae";NA;"Andrena";NA;NA;NA;5;"max";"Scheuchl E., Willner W. 2016. Taschenlexikon der Wildbienen Europas. Quelle & Meyer Verlag Wiebelsheim. 920pp.";"Abeilles";444787
"bfNestCel7";"Andrena humilis Imhoff, 1832";"239368";"Andrena humilis";"Imhoff, 1832";NA;NA;NA;NA;NA;"Arthropoda";"Insecta";"Hymenoptera";"Andrenidae";"Andreninae";NA;"Andrena";NA;NA;NA;5;"max";"SwissBeeTeam. 2018. Atlas en ligne des abeilles sauvages de Suisse. InfoFauna. http://swisswildbee.ch.";"Abeilles";444815
"bfNestCel8";"Andrena schencki Morawitz, 1866";"239434";"Andrena schencki";"Morawitz, 1866";NA;NA;NA;NA;NA;"Arthropoda";"Insecta";"Hymenoptera";"Andrenidae";"Andreninae";NA;"Andrena";NA;NA;NA;3;"max";"SwissBeeTeam. 2018. Atlas en ligne des abeilles sauvages de Suisse. InfoFauna. http://swisswildbee.ch.";"Abeilles";444815
"bfNestCel9";"Chelostoma campanularum (Kirby, 1802)";"239584";"Chelostoma campanularum";"(Kirby, 1802)";NA;NA;NA;NA;NA;"Arthropoda";"Insecta";"Hymenoptera";"Megachilidae";"Megachilinae";"Osmiini";"Chelostoma";NA;NA;NA;4;"max";"Banaszak J., Romasenko L. 2001. Megachilid bees of Europe (Hymenoptera, Apoidea, Megachilidae). Pedagogical University of Bydgoszcz, Bydgoszcz. 239 pp.";"Abeilles";444864
"bfNestCel10";"Chelostoma florisomne (Linnaeus, 1758)";"239588";"Chelostoma florisomne";"(Linnaeus, 1758)";NA;NA;NA;NA;NA;"Arthropoda";"Insecta";"Hymenoptera";"Megachilidae";"Megachilinae";"Osmiini";"Chelostoma";NA;NA;NA;10;"max";"Banaszak J., Romasenko L. 2001. Megachilid bees of Europe (Hymenoptera, Apoidea, Megachilidae). Pedagogical University of Bydgoszcz, Bydgoszcz. 239 pp.";"Abeilles";444864
"bfNestCel11";"Chelostoma rapunculi (Lepeletier, 1841)";"239594";"Chelostoma rapunculi";"(Lepeletier, 1841)";NA;NA;NA;NA;NA;"Arthropoda";"Insecta";"Hymenoptera";"Megachilidae";"Megachilinae";"Osmiini";"Chelostoma";NA;NA;NA;7;"max";"Banaszak J., Romasenko L. 2001. Megachilid bees of Europe (Hymenoptera, Apoidea, Megachilidae). Pedagogical University of Bydgoszcz, Bydgoszcz. 239 pp.";"Abeilles";444864
"bfNestCel12";"Colletes albomaculatus (Lucas, 1848)";"239616";"Colletes albomaculatus";"(Lucas, 1848)";NA;NA;NA;NA;NA;"Arthropoda";"Insecta";"Hymenoptera";"Colletidae";"Colletinae";"Colletini";"Colletes";NA;NA;NA;10;"max";"Scheuchl E., Willner W. 2016. Taschenlexikon der Wildbienen Europas. Quelle & Meyer Verlag Wiebelsheim. 920pp.";"Abeilles";444787
"bfNestCel13";"Colletes floralis Eversmann, 1852";"239624";"Colletes floralis";"Eversmann, 1852";NA;NA;NA;NA;NA;"Arthropoda";"Insecta";"Hymenoptera";"Colletidae";"Colletinae";"Colletini";"Colletes";NA;NA;NA;6;"max";"Scheuchl E., Willner W. 2016. Taschenlexikon der Wildbienen Europas. Quelle & Meyer Verlag Wiebelsheim. 920pp.";"Abeilles";444787
"bfNestCel14";"Colletes hederae Schmidt & Westrich, 1993";"317811";"Colletes hederae";"Schmidt & Westrich, 1993";NA;NA;NA;NA;NA;"Arthropoda";"Insecta";"Hymenoptera";"Colletidae";"Colletinae";"Colletini";"Colletes";NA;NA;NA;6;"max";"Scheuchl E., Willner W. 2016. Taschenlexikon der Wildbienen Europas. Quelle & Meyer Verlag Wiebelsheim. 920pp.";"Abeilles";444787
"bfNestCel15";"Colletes maidli Noskiewicz, 1936";"239631";"Colletes maidli";"Noskiewicz, 1936";NA;NA;NA;NA;NA;"Arthropoda";"Insecta";"Hymenoptera";"Colletidae";"Colletinae";"Colletini";"Colletes";NA;NA;NA;10;"max";"Janvier, H. 1980. Comportements d'abeilles Colletidae (Hymenoptera). Mémoire original diffusé par l'auteur, 344 pp";"Abeilles";447574
"bfNestCel16";"Dasypoda argentata Panzer, 1809";"239640";"Dasypoda argentata";"Panzer, 1809";NA;NA;NA;NA;NA;"Arthropoda";"Insecta";"Hymenoptera";"Melittidae";"Dasypodainae";NA;"Dasypoda";NA;NA;NA;3;"max";"Scheuchl E., Willner W. 2016. Taschenlexikon der Wildbienen Europas. Quelle & Meyer Verlag Wiebelsheim. 920pp.";"Abeilles";444787
"bfNestCel17";"Halictus compressus (Walckenaer, 1802)";"317939";"Halictus compressus";"(Walckenaer, 1802)";NA;NA;NA;NA;NA;"Arthropoda";"Insecta";"Hymenoptera";"Halictidae";"Halictinae";"Halictini";"Halictus";NA;NA;NA;10;"max";"Scheuchl E., Willner W. 2016. Taschenlexikon der Wildbienen Europas. Quelle & Meyer Verlag Wiebelsheim. 920pp.";"Abeilles";444787
"bfNestCel18";"Halictus maculatus Smith, 1848";"53130";"Halictus maculatus";"Smith, 1848";NA;NA;NA;NA;NA;"Arthropoda";"Insecta";"Hymenoptera";"Halictidae";"Halictinae";"Halictini";"Halictus";NA;NA;NA;14;"max";"Scheuchl E., Willner W. 2016. Taschenlexikon der Wildbienen Europas. Quelle & Meyer Verlag Wiebelsheim. 920pp.";"Abeilles";444787
"bfNestCel19";"Halictus quadricinctus (Fabricius, 1777)";"53144";"Halictus quadricinctus";"(Fabricius, 1777)";NA;NA;NA;NA;NA;"Arthropoda";"Insecta";"Hymenoptera";"Halictidae";"Halictinae";"Halictini";"Halictus";NA;NA;NA;20;"max";"Scheuchl E., Willner W. 2016. Taschenlexikon der Wildbienen Europas. Quelle & Meyer Verlag Wiebelsheim. 920pp.";"Abeilles";444787
"bfNestCel20";"Heriades crenulata Nylander, 1856";"815169";"Heriades crenulata";"Nylander, 1856";NA;NA;NA;NA;NA;"Arthropoda";"Insecta";"Hymenoptera";"Megachilidae";"Megachilinae";"Osmiini";"Heriades";NA;NA;NA;12;"max";"Banaszak J., Romasenko L. 2001. Megachilid bees of Europe (Hymenoptera, Apoidea, Megachilidae). Pedagogical University of Bydgoszcz, Bydgoszcz. 239 pp.";"Abeilles";444864
"bfNestCel21";"Heriades truncorum (Linnaeus, 1758)";"239718";"Heriades truncorum";"(Linnaeus, 1758)";NA;NA;NA;NA;NA;"Arthropoda";"Insecta";"Hymenoptera";"Megachilidae";"Megachilinae";"Osmiini";"Heriades";NA;NA;NA;8;"max";"Scheuchl E., Willner W. 2016. Taschenlexikon der Wildbienen Europas. Quelle & Meyer Verlag Wiebelsheim. 920pp.";"Abeilles";444787
"bfNestCel22";"Hoplitis anthocopoides (Schenck, 1853)";"239723";"Hoplitis anthocopoides";"(Schenck, 1853)";NA;NA;NA;NA;NA;"Arthropoda";"Insecta";"Hymenoptera";"Megachilidae";"Megachilinae";"Osmiini";"Hoplitis";NA;NA;NA;25;"max";"Banaszak J., Romasenko L. 2001. Megachilid bees of Europe (Hymenoptera, Apoidea, Megachilidae). Pedagogical University of Bydgoszcz, Bydgoszcz. 239 pp.";"Abeilles";444864
"bfNestCel23";"Hoplitis claviventris (Thomson, 1872)";"239729";"Hoplitis claviventris";"(Thomson, 1872)";NA;NA;NA;NA;NA;"Arthropoda";"Insecta";"Hymenoptera";"Megachilidae";"Megachilinae";"Osmiini";"Hoplitis";NA;NA;NA;8;"max";"Banaszak J., Romasenko L. 2001. Megachilid bees of Europe (Hymenoptera, Apoidea, Megachilidae). Pedagogical University of Bydgoszcz, Bydgoszcz. 239 pp.";"Abeilles";444864
"bfNestCel24";"Hoplitis cristatula (Van der Zanden, 1990)";"239732";"Hoplitis cristatula";"(Van der Zanden, 1990)";NA;NA;NA;NA;NA;"Arthropoda";"Insecta";"Hymenoptera";"Megachilidae";"Megachilinae";"Osmiini";"Hoplitis";NA;NA;NA;3;"max";"Lhomme, P. 2014. Hoplitis cristatula. The IUCN Red List of Threatened Species 2014: e.T19198907A21153582";"Abeilles";447575
"bfNestCel25";"Hoplitis leucomelana (Kirby, 1802)";"239738";"Hoplitis leucomelana";"(Kirby, 1802)";NA;NA;NA;NA;NA;"Arthropoda";"Insecta";"Hymenoptera";"Megachilidae";"Megachilinae";"Osmiini";"Hoplitis";NA;NA;NA;16;"max";"Banaszak J., Romasenko L. 2001. Megachilid bees of Europe (Hymenoptera, Apoidea, Megachilidae). Pedagogical University of Bydgoszcz, Bydgoszcz. 239 pp.";"Abeilles";444864
"bfNestCel26";"Hylaeus signatus (Panzer, 1797)";"239796";"Hylaeus signatus";"(Panzer, 1797)";NA;NA;NA;NA;NA;"Arthropoda";"Insecta";"Hymenoptera";"Colletidae";"Hylaeinae";NA;"Hylaeus";NA;NA;NA;10;"max";"Janvier, H. 1980. Comportements d'abeilles Colletidae (Hymenoptera). Mémoire original diffusé par l'auteur, 344 pp";"Abeilles";447574
"bfNestCel27";"Lasioglossum glabriusculum (Morawitz, 1872)";"239838";"Lasioglossum glabriusculum";"(Morawitz, 1872)";NA;NA;NA;NA;NA;"Arthropoda";"Insecta";"Hymenoptera";"Halictidae";"Halictinae";"Halictini";"Lasioglossum";NA;NA;NA;7;"max";"Pesenko Yu. A., Banaszak J., Radchenko V. G., Cierzniak T. 2000. Bees of the family Halictidae (excluding Sphecodes) of Poland : taxonomy, ecology, bionomics. Wydawnictwo Uczelniane Wyzszej Szkoly Pedagogicznej w Bydgoszczy, Bydgoszcz. 348pp.";"Abeilles";444727
"bfNestCel28";"Lasioglossum leucozonium (Schrank, 1781)";"239849";"Lasioglossum leucozonium";"(Schrank, 1781)";NA;NA;NA;NA;NA;"Arthropoda";"Insecta";"Hymenoptera";"Halictidae";"Halictinae";"Halictini";"Lasioglossum";NA;NA;NA;15;"max";"Scheuchl E., Willner W. 2016. Taschenlexikon der Wildbienen Europas. Quelle & Meyer Verlag Wiebelsheim. 920pp.";"Abeilles";444787
"bfNestCel29";"Lasioglossum minutissimum (Kirby, 1802)";"239862";"Lasioglossum minutissimum";"(Kirby, 1802)";NA;NA;NA;NA;NA;"Arthropoda";"Insecta";"Hymenoptera";"Halictidae";"Halictinae";"Halictini";"Lasioglossum";NA;NA;NA;8;"max";"Scheuchl E., Willner W. 2016. Taschenlexikon der Wildbienen Europas. Quelle & Meyer Verlag Wiebelsheim. 920pp.";"Abeilles";444787
"bfNestCel30";"Lasioglossum nigripes (Lepeletier, 1841)";"239865";"Lasioglossum nigripes";"(Lepeletier, 1841)";NA;NA;NA;NA;NA;"Arthropoda";"Insecta";"Hymenoptera";"Halictidae";"Halictinae";"Halictini";"Lasioglossum";NA;NA;NA;60;"max";"Scheuchl E., Willner W. 2016. Taschenlexikon der Wildbienen Europas. Quelle & Meyer Verlag Wiebelsheim. 920pp.";"Abeilles";444787
"bfNestCel31";"Lasioglossum pauxillum (Schenck, 1853)";"239871";"Lasioglossum pauxillum";"(Schenck, 1853)";NA;NA;NA;NA;NA;"Arthropoda";"Insecta";"Hymenoptera";"Halictidae";"Halictinae";"Halictini";"Lasioglossum";NA;NA;NA;6;"max";"Pesenko Yu. A., Banaszak J., Radchenko V. G., Cierzniak T. 2000. Bees of the family Halictidae (excluding Sphecodes) of Poland : taxonomy, ecology, bionomics. Wydawnictwo Uczelniane Wyzszej Szkoly Pedagogicznej w Bydgoszczy, Bydgoszcz. 348pp.";"Abeilles";444727
"bfNestCel32";"Lasioglossum xanthopus (Kirby, 1802)";"815156";"Lasioglossum xanthopus";"(Kirby, 1802)";NA;NA;NA;NA;NA;"Arthropoda";"Insecta";"Hymenoptera";"Halictidae";"Halictinae";"Halictini";"Lasioglossum";NA;NA;NA;8;"max";"Pesenko Yu. A., Banaszak J., Radchenko V. G., Cierzniak T. 2000. Bees of the family Halictidae (excluding Sphecodes) of Poland : taxonomy, ecology, bionomics. Wydawnictwo Uczelniane Wyzszej Szkoly Pedagogicznej w Bydgoszczy, Bydgoszcz. 348pp.";"Abeilles";444727
"bfNestCel33";"Megachile albisecta (Klug in Germar, 1817)";"808448";"Megachile albisecta";"(Klug in Germar, 1817)";NA;NA;NA;NA;NA;"Arthropoda";"Insecta";"Hymenoptera";"Megachilidae";"Megachilinae";"Megachilini";"Megachile";NA;NA;NA;9;"max";"Banaszak J., Romasenko L. 2001. Megachilid bees of Europe (Hymenoptera, Apoidea, Megachilidae). Pedagogical University of Bydgoszcz, Bydgoszcz. 239 pp.";"Abeilles";444864
"bfNestCel34";"Megachile analis Nylander, 1852";"239907";"Megachile analis";"Nylander, 1852";NA;NA;NA;NA;NA;"Arthropoda";"Insecta";"Hymenoptera";"Megachilidae";"Megachilinae";"Megachilini";"Megachile";NA;NA;NA;5;"max";"Scheuchl E., Willner W. 2016. Taschenlexikon der Wildbienen Europas. Quelle & Meyer Verlag Wiebelsheim. 920pp.";"Abeilles";444787
"bfNestCel35";"Megachile apicalis Spinola, 1808";"239908";"Megachile apicalis";"Spinola, 1808";NA;NA;NA;NA;NA;"Arthropoda";"Insecta";"Hymenoptera";"Megachilidae";"Megachilinae";"Megachilini";"Megachile";NA;NA;NA;8;"max";"Scheuchl E., Willner W. 2016. Taschenlexikon der Wildbienen Europas. Quelle & Meyer Verlag Wiebelsheim. 920pp.";"Abeilles";444787
"bfNestCel36";"Megachile centuncularis (Linnaeus, 1758)";"53157";"Megachile centuncularis";"(Linnaeus, 1758)";NA;NA;NA;NA;NA;"Arthropoda";"Insecta";"Hymenoptera";"Megachilidae";"Megachilinae";"Megachilini";"Megachile";NA;NA;NA;15;"max";"Banaszak J., Romasenko L. 2001. Megachilid bees of Europe (Hymenoptera, Apoidea, Megachilidae). Pedagogical University of Bydgoszcz, Bydgoszcz. 239 pp.";"Abeilles";444864
"bfNestCel37";"Megachile circumcincta (Kirby, 1802)";"53158";"Megachile circumcincta";"(Kirby, 1802)";NA;NA;NA;NA;NA;"Arthropoda";"Insecta";"Hymenoptera";"Megachilidae";"Megachilinae";"Megachilini";"Megachile";NA;NA;NA;5;"max";"Scheuchl E., Willner W. 2016. Taschenlexikon der Wildbienen Europas. Quelle & Meyer Verlag Wiebelsheim. 920pp.";"Abeilles";444787
"bfNestCel38";"Megachile ericetorum Lepeletier, 1841";"721013";"Megachile ericetorum";"Lepeletier, 1841";NA;NA;NA;NA;NA;"Arthropoda";"Insecta";"Hymenoptera";"Megachilidae";"Megachilinae";"Megachilini";"Megachile";NA;NA;NA;8;"max";"Scheuchl E., Willner W. 2016. Taschenlexikon der Wildbienen Europas. Quelle & Meyer Verlag Wiebelsheim. 920pp.";"Abeilles";444787
"bfNestCel39";"Megachile genalis Morawitz, 1880";"239915";"Megachile genalis";"Morawitz, 1880";NA;NA;NA;NA;NA;"Arthropoda";"Insecta";"Hymenoptera";"Megachilidae";"Megachilinae";"Megachilini";"Megachile";NA;NA;NA;15;"max";"Scheuchl E., Willner W. 2016. Taschenlexikon der Wildbienen Europas. Quelle & Meyer Verlag Wiebelsheim. 920pp.";"Abeilles";444787
"bfNestCel40";"Megachile genalis Morawitz, 1880";"239915";"Megachile genalis";"Morawitz, 1880";NA;NA;NA;NA;NA;"Arthropoda";"Insecta";"Hymenoptera";"Megachilidae";"Megachilinae";"Megachilini";"Megachile";NA;NA;NA;15;"max";"Banaszak J., Romasenko L. 2001. Megachilid bees of Europe (Hymenoptera, Apoidea, Megachilidae). Pedagogical University of Bydgoszcz, Bydgoszcz. 239 pp.";"Abeilles";444864
"bfNestCel41";"Megachile giraudi Gerstacker, 1869";"239916";"Megachile giraudi";"Gerstacker, 1869";NA;NA;NA;NA;NA;"Arthropoda";"Insecta";"Hymenoptera";"Megachilidae";"Megachilinae";"Megachilini";"Megachile";NA;NA;NA;15;"max";"Banaszak J., Romasenko L. 2001. Megachilid bees of Europe (Hymenoptera, Apoidea, Megachilidae). Pedagogical University of Bydgoszcz, Bydgoszcz. 239 pp.";"Abeilles";444864
"bfNestCel42";"Megachile lagopoda (Linnaeus, 1761)";"239917";"Megachile lagopoda";"(Linnaeus, 1761)";NA;NA;NA;NA;NA;"Arthropoda";"Insecta";"Hymenoptera";"Megachilidae";"Megachilinae";"Megachilini";"Megachile";NA;NA;NA;12;"max";"Scheuchl E., Willner W. 2016. Taschenlexikon der Wildbienen Europas. Quelle & Meyer Verlag Wiebelsheim. 920pp.";"Abeilles";444787
"bfNestCel43";"Megachile lagopoda (Linnaeus, 1761)";"239917";"Megachile lagopoda";"(Linnaeus, 1761)";NA;NA;NA;NA;NA;"Arthropoda";"Insecta";"Hymenoptera";"Megachilidae";"Megachilinae";"Megachilini";"Megachile";NA;NA;NA;12;"max";"Banaszak J., Romasenko L. 2001. Megachilid bees of Europe (Hymenoptera, Apoidea, Megachilidae). Pedagogical University of Bydgoszcz, Bydgoszcz. 239 pp.";"Abeilles";444864
"bfNestCel44";"Megachile leachella Curtis, 1828";"239919";"Megachile leachella";"Curtis, 1828";NA;NA;NA;NA;NA;"Arthropoda";"Insecta";"Hymenoptera";"Megachilidae";"Megachilinae";"Megachilini";"Megachile";NA;NA;NA;5;"max";"Scheuchl E., Willner W. 2016. Taschenlexikon der Wildbienen Europas. Quelle & Meyer Verlag Wiebelsheim. 920pp.";"Abeilles";444787
"bfNestCel45";"Megachile leachella Curtis, 1828";"239919";"Megachile leachella";"Curtis, 1828";NA;NA;NA;NA;NA;"Arthropoda";"Insecta";"Hymenoptera";"Megachilidae";"Megachilinae";"Megachilini";"Megachile";NA;NA;NA;5;"max";"Banaszak J., Romasenko L. 2001. Megachilid bees of Europe (Hymenoptera, Apoidea, Megachilidae). Pedagogical University of Bydgoszcz, Bydgoszcz. 239 pp.";"Abeilles";444864
"bfNestCel46";"Megachile maritima (Kirby, 1802)";"53159";"Megachile maritima";"(Kirby, 1802)";NA;NA;NA;NA;NA;"Arthropoda";"Insecta";"Hymenoptera";"Megachilidae";"Megachilinae";"Megachilini";"Megachile";NA;NA;NA;8;"max";"Scheuchl E., Willner W. 2016. Taschenlexikon der Wildbienen Europas. Quelle & Meyer Verlag Wiebelsheim. 920pp.";"Abeilles";444787
"bfNestCel47";"Megachile rotundata (Fabricius, 1787)";"239930";"Megachile rotundata";"(Fabricius, 1787)";NA;NA;NA;NA;NA;"Arthropoda";"Insecta";"Hymenoptera";"Megachilidae";"Megachilinae";"Megachilini";"Megachile";NA;NA;NA;40;"max";"Scheuchl E., Willner W. 2016. Taschenlexikon der Wildbienen Europas. Quelle & Meyer Verlag Wiebelsheim. 920pp.";"Abeilles";444787
"bfNestCel48";"Nomioides minutissimus (Rossi, 1790)";"240047";"Nomioides minutissimus";"(Rossi, 1790)";NA;NA;NA;NA;NA;"Arthropoda";"Insecta";"Hymenoptera";"Halictidae";"Nomioidinae";NA;"Nomioides";NA;NA;NA;20;"max";"Pesenko Yu. A., Banaszak J., Radchenko V. G., Cierzniak T. 2000. Bees of the family Halictidae (excluding Sphecodes) of Poland : taxonomy, ecology, bionomics. Wydawnictwo Uczelniane Wyzszej Szkoly Pedagogicznej w Bydgoszczy, Bydgoszcz. 348pp.";"Abeilles";444727
"bfNestCel49";"Osmia aurulenta (Panzer, 1799)";"53172";"Osmia aurulenta";"(Panzer, 1799)";NA;NA;NA;NA;NA;"Arthropoda";"Insecta";"Hymenoptera";"Megachilidae";"Megachilinae";"Osmiini";"Osmia";NA;NA;NA;17;"max";"Lhomme, P. 2014. Osmia aurulenta. The IUCN Red List of Threatened Species 2014: e.T19199876A21154911";"Abeilles";447576
"bfNestCel50";"Osmia caerulescens (Linnaeus, 1758)";"53175";"Osmia caerulescens";"(Linnaeus, 1758)";NA;NA;NA;NA;NA;"Arthropoda";"Insecta";"Hymenoptera";"Megachilidae";"Megachilinae";"Osmiini";"Osmia";NA;NA;NA;18;"max";"Banaszak J., Romasenko L. 2001. Megachilid bees of Europe (Hymenoptera, Apoidea, Megachilidae). Pedagogical University of Bydgoszcz, Bydgoszcz. 239 pp.";"Abeilles";444864
"bfNestCel51";"Osmia cerinthidis Morawitz, 1875";"240052";"Osmia cerinthidis";"Morawitz, 1875";NA;NA;NA;NA;NA;"Arthropoda";"Insecta";"Hymenoptera";"Megachilidae";"Megachilinae";"Osmiini";"Osmia";NA;NA;NA;9;"max";"Banaszak J., Romasenko L. 2001. Megachilid bees of Europe (Hymenoptera, Apoidea, Megachilidae). Pedagogical University of Bydgoszcz, Bydgoszcz. 239 pp.";"Abeilles";444864
"bfNestCel52";"Osmia cornuta (Latreille, 1805)";"53176";"Osmia cornuta";"(Latreille, 1805)";NA;NA;NA;NA;NA;"Arthropoda";"Insecta";"Hymenoptera";"Megachilidae";"Megachilinae";"Osmiini";"Osmia";NA;NA;NA;10;"max";"Banaszak J., Romasenko L. 2001. Megachilid bees of Europe (Hymenoptera, Apoidea, Megachilidae). Pedagogical University of Bydgoszcz, Bydgoszcz. 239 pp.";"Abeilles";444864
"bfNestCel53";"Osmia niveata (Fabricius, 1804)";"240072";"Osmia niveata";"(Fabricius, 1804)";NA;NA;NA;NA;NA;"Arthropoda";"Insecta";"Hymenoptera";"Megachilidae";"Megachilinae";"Osmiini";"Osmia";NA;NA;NA;6;"max";"Scheuchl E., Willner W. 2016. Taschenlexikon der Wildbienen Europas. Quelle & Meyer Verlag Wiebelsheim. 920pp.";"Abeilles";444787
"bfNestCel54";"Osmia pilicornis Smith, 1846";"240075";"Osmia pilicornis";"Smith, 1846";NA;NA;NA;NA;NA;"Arthropoda";"Insecta";"Hymenoptera";"Megachilidae";"Megachilinae";"Osmiini";"Osmia";NA;NA;NA;3;"max";"Müller, A. 2018. Palaearctic Osmiine Bees. ETH Zürich. http://blogs.ethz.ch/osmiini";"Abeilles";444698
"bfNestCel55";"Osmia xanthomelana (Kirby, 1802)";"240084";"Osmia xanthomelana";"(Kirby, 1802)";NA;NA;NA;NA;NA;"Arthropoda";"Insecta";"Hymenoptera";"Megachilidae";"Megachilinae";"Osmiini";"Osmia";NA;NA;NA;7;"max";"Scheuchl E., Willner W. 2016. Taschenlexikon der Wildbienen Europas. Quelle & Meyer Verlag Wiebelsheim. 920pp.";"Abeilles";444787
"bfNestCel56";"Panurgus banksianus (Kirby, 1802)";"240086";"Panurgus banksianus";"(Kirby, 1802)";NA;NA;NA;NA;NA;"Arthropoda";"Insecta";"Hymenoptera";"Andrenidae";"Panurginae";"Panurgini";"Panurgus";NA;NA;NA;10;"max";"SwissBeeTeam. 2018. Atlas en ligne des abeilles sauvages de Suisse. InfoFauna. http://swisswildbee.ch.";"Abeilles";444815
"bfNestCel57";"Pseudoanthidium nanum (Mocsary, 1881)";"808468";"Pseudoanthidium nanum";"(Mocsary, 1881)";NA;NA;NA;NA;NA;"Arthropoda";"Insecta";"Hymenoptera";"Megachilidae";"Megachilinae";"Anthidiini";"Pseudoanthidium";NA;NA;NA;24;"max";"Scheuchl E., Willner W. 2016. Taschenlexikon der Wildbienen Europas. Quelle & Meyer Verlag Wiebelsheim. 920pp.";"Abeilles";444787
"bfNestCel58";"Rhophitoides canus (Eversmann, 1852)";"808474";"Rhophitoides canus";"(Eversmann, 1852)";NA;NA;NA;NA;NA;"Arthropoda";"Insecta";"Hymenoptera";"Halictidae";"Rophitinae";NA;"Rhophitoides";NA;NA;NA;25;"max";"Scheuchl E., Willner W. 2016. Taschenlexikon der Wildbienen Europas. Quelle & Meyer Verlag Wiebelsheim. 920pp.";"Abeilles";444787
"bfNestCel59";"Seladonia subaurata (Rossi, 1792)";"839091";"Seladonia subaurata";"(Rossi, 1792)";NA;NA;NA;NA;NA;"Arthropoda";"Insecta";"Hymenoptera";"Halictidae";"Halictinae";"Halictini";"Seladonia";NA;NA;NA;8;"max";"Pesenko Yu. A., Banaszak J., Radchenko V. G., Cierzniak T. 2000. Bees of the family Halictidae (excluding Sphecodes) of Poland : taxonomy, ecology, bionomics. Wydawnictwo Uczelniane Wyzszej Szkoly Pedagogicznej w Bydgoszczy, Bydgoszcz. 348pp.";"Abeilles";444727
"bfNestCel60";"Trachusa byssina (Panzer, 1798)";"815229";"Trachusa byssina";"(Panzer, 1798)";NA;NA;NA;NA;NA;"Arthropoda";"Insecta";"Hymenoptera";"Megachilidae";"Megachilinae";"Anthidiini";"Trachusa";NA;NA;NA;4;"max";"Scheuchl E., Willner W. 2016. Taschenlexikon der Wildbienen Europas. Quelle & Meyer Verlag Wiebelsheim. 920pp.";"Abeilles";444787
"bfNestCel61";"Andrena barbilabris (Kirby, 1802)";"239313";"Andrena barbilabris";"(Kirby, 1802)";NA;NA;NA;NA;NA;"Arthropoda";"Insecta";"Hymenoptera";"Andrenidae";"Andreninae";NA;"Andrena";NA;NA;NA;1;"min";"SwissBeeTeam. 2018. Atlas en ligne des abeilles sauvages de Suisse. InfoFauna. http://swisswildbee.ch.";"Abeilles";444815
"bfNestCel62";"Andrena bimaculata (Kirby, 1802)";"239316";"Andrena bimaculata";"(Kirby, 1802)";NA;NA;NA;NA;NA;"Arthropoda";"Insecta";"Hymenoptera";"Andrenidae";"Andreninae";NA;"Andrena";NA;NA;NA;1;"min";"Scheuchl E., Willner W. 2016. Taschenlexikon der Wildbienen Europas. Quelle & Meyer Verlag Wiebelsheim. 920pp.";"Abeilles";444787
"bfNestCel63";"Andrena chrysopus Perez, 1903";"239323";"Andrena chrysopus";"Perez, 1903";NA;NA;NA;NA;NA;"Arthropoda";"Insecta";"Hymenoptera";"Andrenidae";"Andreninae";NA;"Andrena";NA;NA;NA;8;"min";"Scheuchl E., Willner W. 2016. Taschenlexikon der Wildbienen Europas. Quelle & Meyer Verlag Wiebelsheim. 920pp.";"Abeilles";444787
"bfNestCel64";"Andrena cineraria (Linnaeus, 1758)";"53077";"Andrena cineraria";"(Linnaeus, 1758)";NA;NA;NA;NA;NA;"Arthropoda";"Insecta";"Hymenoptera";"Andrenidae";"Andreninae";NA;"Andrena";NA;NA;NA;2;"min";"Scheuchl E., Willner W. 2016. Taschenlexikon der Wildbienen Europas. Quelle & Meyer Verlag Wiebelsheim. 920pp.";"Abeilles";444787
"bfNestCel65";"Andrena hattorfiana (Fabricius, 1775)";"239363";"Andrena hattorfiana";"(Fabricius, 1775)";NA;NA;NA;NA;NA;"Arthropoda";"Insecta";"Hymenoptera";"Andrenidae";"Andreninae";NA;"Andrena";NA;NA;NA;5;"min";"SwissBeeTeam. 2018. Atlas en ligne des abeilles sauvages de Suisse. InfoFauna. http://swisswildbee.ch.";"Abeilles";444815
"bfNestCel66";"Andrena humilis Imhoff, 1832";"239368";"Andrena humilis";"Imhoff, 1832";NA;NA;NA;NA;NA;"Arthropoda";"Insecta";"Hymenoptera";"Andrenidae";"Andreninae";NA;"Andrena";NA;NA;NA;4;"min";"Scheuchl E., Willner W. 2016. Taschenlexikon der Wildbienen Europas. Quelle & Meyer Verlag Wiebelsheim. 920pp.";"Abeilles";444787
"bfNestCel67";"Andrena humilis Imhoff, 1832";"239368";"Andrena humilis";"Imhoff, 1832";NA;NA;NA;NA;NA;"Arthropoda";"Insecta";"Hymenoptera";"Andrenidae";"Andreninae";NA;"Andrena";NA;NA;NA;4;"min";"SwissBeeTeam. 2018. Atlas en ligne des abeilles sauvages de Suisse. InfoFauna. http://swisswildbee.ch.";"Abeilles";444815
"bfNestCel68";"Andrena schencki Morawitz, 1866";"239434";"Andrena schencki";"Morawitz, 1866";NA;NA;NA;NA;NA;"Arthropoda";"Insecta";"Hymenoptera";"Andrenidae";"Andreninae";NA;"Andrena";NA;NA;NA;1;"min";"SwissBeeTeam. 2018. Atlas en ligne des abeilles sauvages de Suisse. InfoFauna. http://swisswildbee.ch.";"Abeilles";444815
"bfNestCel69";"Chelostoma campanularum (Kirby, 1802)";"239584";"Chelostoma campanularum";"(Kirby, 1802)";NA;NA;NA;NA;NA;"Arthropoda";"Insecta";"Hymenoptera";"Megachilidae";"Megachilinae";"Osmiini";"Chelostoma";NA;NA;NA;2;"min";"Banaszak J., Romasenko L. 2001. Megachilid bees of Europe (Hymenoptera, Apoidea, Megachilidae). Pedagogical University of Bydgoszcz, Bydgoszcz. 239 pp.";"Abeilles";444864
"bfNestCel70";"Chelostoma florisomne (Linnaeus, 1758)";"239588";"Chelostoma florisomne";"(Linnaeus, 1758)";NA;NA;NA;NA;NA;"Arthropoda";"Insecta";"Hymenoptera";"Megachilidae";"Megachilinae";"Osmiini";"Chelostoma";NA;NA;NA;2;"min";"Banaszak J., Romasenko L. 2001. Megachilid bees of Europe (Hymenoptera, Apoidea, Megachilidae). Pedagogical University of Bydgoszcz, Bydgoszcz. 239 pp.";"Abeilles";444864
"bfNestCel71";"Chelostoma rapunculi (Lepeletier, 1841)";"239594";"Chelostoma rapunculi";"(Lepeletier, 1841)";NA;NA;NA;NA;NA;"Arthropoda";"Insecta";"Hymenoptera";"Megachilidae";"Megachilinae";"Osmiini";"Chelostoma";NA;NA;NA;3;"min";"Banaszak J., Romasenko L. 2001. Megachilid bees of Europe (Hymenoptera, Apoidea, Megachilidae). Pedagogical University of Bydgoszcz, Bydgoszcz. 239 pp.";"Abeilles";444864
"bfNestCel72";"Colletes albomaculatus (Lucas, 1848)";"239616";"Colletes albomaculatus";"(Lucas, 1848)";NA;NA;NA;NA;NA;"Arthropoda";"Insecta";"Hymenoptera";"Colletidae";"Colletinae";"Colletini";"Colletes";NA;NA;NA;4;"min";"Scheuchl E., Willner W. 2016. Taschenlexikon der Wildbienen Europas. Quelle & Meyer Verlag Wiebelsheim. 920pp.";"Abeilles";444787
"bfNestCel73";"Colletes floralis Eversmann, 1852";"239624";"Colletes floralis";"Eversmann, 1852";NA;NA;NA;NA;NA;"Arthropoda";"Insecta";"Hymenoptera";"Colletidae";"Colletinae";"Colletini";"Colletes";NA;NA;NA;5;"min";"Scheuchl E., Willner W. 2016. Taschenlexikon der Wildbienen Europas. Quelle & Meyer Verlag Wiebelsheim. 920pp.";"Abeilles";444787
"bfNestCel74";"Colletes hederae Schmidt & Westrich, 1993";"317811";"Colletes hederae";"Schmidt & Westrich, 1993";NA;NA;NA;NA;NA;"Arthropoda";"Insecta";"Hymenoptera";"Colletidae";"Colletinae";"Colletini";"Colletes";NA;NA;NA;4;"min";"Scheuchl E., Willner W. 2016. Taschenlexikon der Wildbienen Europas. Quelle & Meyer Verlag Wiebelsheim. 920pp.";"Abeilles";444787
"bfNestCel75";"Colletes maidli Noskiewicz, 1936";"239631";"Colletes maidli";"Noskiewicz, 1936";NA;NA;NA;NA;NA;"Arthropoda";"Insecta";"Hymenoptera";"Colletidae";"Colletinae";"Colletini";"Colletes";NA;NA;NA;5;"min";"Janvier, H. 1980. Comportements d'abeilles Colletidae (Hymenoptera). Mémoire original diffusé par l'auteur, 344 pp";"Abeilles";447574
"bfNestCel76";"Dasypoda argentata Panzer, 1809";"239640";"Dasypoda argentata";"Panzer, 1809";NA;NA;NA;NA;NA;"Arthropoda";"Insecta";"Hymenoptera";"Melittidae";"Dasypodainae";NA;"Dasypoda";NA;NA;NA;2;"min";"Scheuchl E., Willner W. 2016. Taschenlexikon der Wildbienen Europas. Quelle & Meyer Verlag Wiebelsheim. 920pp.";"Abeilles";444787
"bfNestCel77";"Halictus compressus (Walckenaer, 1802)";"317939";"Halictus compressus";"(Walckenaer, 1802)";NA;NA;NA;NA;NA;"Arthropoda";"Insecta";"Hymenoptera";"Halictidae";"Halictinae";"Halictini";"Halictus";NA;NA;NA;3;"min";"Scheuchl E., Willner W. 2016. Taschenlexikon der Wildbienen Europas. Quelle & Meyer Verlag Wiebelsheim. 920pp.";"Abeilles";444787
"bfNestCel78";"Halictus maculatus Smith, 1848";"53130";"Halictus maculatus";"Smith, 1848";NA;NA;NA;NA;NA;"Arthropoda";"Insecta";"Hymenoptera";"Halictidae";"Halictinae";"Halictini";"Halictus";NA;NA;NA;10;"min";"Scheuchl E., Willner W. 2016. Taschenlexikon der Wildbienen Europas. Quelle & Meyer Verlag Wiebelsheim. 920pp.";"Abeilles";444787
"bfNestCel79";"Halictus quadricinctus (Fabricius, 1777)";"53144";"Halictus quadricinctus";"(Fabricius, 1777)";NA;NA;NA;NA;NA;"Arthropoda";"Insecta";"Hymenoptera";"Halictidae";"Halictinae";"Halictini";"Halictus";NA;NA;NA;5;"min";"Scheuchl E., Willner W. 2016. Taschenlexikon der Wildbienen Europas. Quelle & Meyer Verlag Wiebelsheim. 920pp.";"Abeilles";444787
"bfNestCel80";"Heriades crenulata Nylander, 1856";"815169";"Heriades crenulata";"Nylander, 1856";NA;NA;NA;NA;NA;"Arthropoda";"Insecta";"Hymenoptera";"Megachilidae";"Megachilinae";"Osmiini";"Heriades";NA;NA;NA;4;"min";"Banaszak J., Romasenko L. 2001. Megachilid bees of Europe (Hymenoptera, Apoidea, Megachilidae). Pedagogical University of Bydgoszcz, Bydgoszcz. 239 pp.";"Abeilles";444864
"bfNestCel81";"Heriades truncorum (Linnaeus, 1758)";"239718";"Heriades truncorum";"(Linnaeus, 1758)";NA;NA;NA;NA;NA;"Arthropoda";"Insecta";"Hymenoptera";"Megachilidae";"Megachilinae";"Osmiini";"Heriades";NA;NA;NA;2;"min";"Scheuchl E., Willner W. 2016. Taschenlexikon der Wildbienen Europas. Quelle & Meyer Verlag Wiebelsheim. 920pp.";"Abeilles";444787
"bfNestCel82";"Hoplitis anthocopoides (Schenck, 1853)";"239723";"Hoplitis anthocopoides";"(Schenck, 1853)";NA;NA;NA;NA;NA;"Arthropoda";"Insecta";"Hymenoptera";"Megachilidae";"Megachilinae";"Osmiini";"Hoplitis";NA;NA;NA;8;"min";"Banaszak J., Romasenko L. 2001. Megachilid bees of Europe (Hymenoptera, Apoidea, Megachilidae). Pedagogical University of Bydgoszcz, Bydgoszcz. 239 pp.";"Abeilles";444864
"bfNestCel83";"Hoplitis claviventris (Thomson, 1872)";"239729";"Hoplitis claviventris";"(Thomson, 1872)";NA;NA;NA;NA;NA;"Arthropoda";"Insecta";"Hymenoptera";"Megachilidae";"Megachilinae";"Osmiini";"Hoplitis";NA;NA;NA;4;"min";"Banaszak J., Romasenko L. 2001. Megachilid bees of Europe (Hymenoptera, Apoidea, Megachilidae). Pedagogical University of Bydgoszcz, Bydgoszcz. 239 pp.";"Abeilles";444864
"bfNestCel84";"Hoplitis cristatula (Van der Zanden, 1990)";"239732";"Hoplitis cristatula";"(Van der Zanden, 1990)";NA;NA;NA;NA;NA;"Arthropoda";"Insecta";"Hymenoptera";"Megachilidae";"Megachilinae";"Osmiini";"Hoplitis";NA;NA;NA;1;"min";"Lhomme, P. 2014. Hoplitis cristatula. The IUCN Red List of Threatened Species 2014: e.T19198907A21153582";"Abeilles";447575
"bfNestCel85";"Hoplitis leucomelana (Kirby, 1802)";"239738";"Hoplitis leucomelana";"(Kirby, 1802)";NA;NA;NA;NA;NA;"Arthropoda";"Insecta";"Hymenoptera";"Megachilidae";"Megachilinae";"Osmiini";"Hoplitis";NA;NA;NA;3;"min";"Banaszak J., Romasenko L. 2001. Megachilid bees of Europe (Hymenoptera, Apoidea, Megachilidae). Pedagogical University of Bydgoszcz, Bydgoszcz. 239 pp.";"Abeilles";444864
"bfNestCel86";"Hylaeus signatus (Panzer, 1797)";"239796";"Hylaeus signatus";"(Panzer, 1797)";NA;NA;NA;NA;NA;"Arthropoda";"Insecta";"Hymenoptera";"Colletidae";"Hylaeinae";NA;"Hylaeus";NA;NA;NA;5;"min";"Janvier, H. 1980. Comportements d'abeilles Colletidae (Hymenoptera). Mémoire original diffusé par l'auteur, 344 pp";"Abeilles";447574
"bfNestCel87";"Lasioglossum glabriusculum (Morawitz, 1872)";"239838";"Lasioglossum glabriusculum";"(Morawitz, 1872)";NA;NA;NA;NA;NA;"Arthropoda";"Insecta";"Hymenoptera";"Halictidae";"Halictinae";"Halictini";"Lasioglossum";NA;NA;NA;6;"min";"Pesenko Yu. A., Banaszak J., Radchenko V. G., Cierzniak T. 2000. Bees of the family Halictidae (excluding Sphecodes) of Poland : taxonomy, ecology, bionomics. Wydawnictwo Uczelniane Wyzszej Szkoly Pedagogicznej w Bydgoszczy, Bydgoszcz. 348pp.";"Abeilles";444727
"bfNestCel88";"Lasioglossum leucozonium (Schrank, 1781)";"239849";"Lasioglossum leucozonium";"(Schrank, 1781)";NA;NA;NA;NA;NA;"Arthropoda";"Insecta";"Hymenoptera";"Halictidae";"Halictinae";"Halictini";"Lasioglossum";NA;NA;NA;6;"min";"Scheuchl E., Willner W. 2016. Taschenlexikon der Wildbienen Europas. Quelle & Meyer Verlag Wiebelsheim. 920pp.";"Abeilles";444787
"bfNestCel89";"Lasioglossum minutissimum (Kirby, 1802)";"239862";"Lasioglossum minutissimum";"(Kirby, 1802)";NA;NA;NA;NA;NA;"Arthropoda";"Insecta";"Hymenoptera";"Halictidae";"Halictinae";"Halictini";"Lasioglossum";NA;NA;NA;2;"min";"Scheuchl E., Willner W. 2016. Taschenlexikon der Wildbienen Europas. Quelle & Meyer Verlag Wiebelsheim. 920pp.";"Abeilles";444787
"bfNestCel90";"Lasioglossum nigripes (Lepeletier, 1841)";"239865";"Lasioglossum nigripes";"(Lepeletier, 1841)";NA;NA;NA;NA;NA;"Arthropoda";"Insecta";"Hymenoptera";"Halictidae";"Halictinae";"Halictini";"Lasioglossum";NA;NA;NA;30;"min";"Scheuchl E., Willner W. 2016. Taschenlexikon der Wildbienen Europas. Quelle & Meyer Verlag Wiebelsheim. 920pp.";"Abeilles";444787
"bfNestCel91";"Lasioglossum pauxillum (Schenck, 1853)";"239871";"Lasioglossum pauxillum";"(Schenck, 1853)";NA;NA;NA;NA;NA;"Arthropoda";"Insecta";"Hymenoptera";"Halictidae";"Halictinae";"Halictini";"Lasioglossum";NA;NA;NA;3;"min";"Pesenko Yu. A., Banaszak J., Radchenko V. G., Cierzniak T. 2000. Bees of the family Halictidae (excluding Sphecodes) of Poland : taxonomy, ecology, bionomics. Wydawnictwo Uczelniane Wyzszej Szkoly Pedagogicznej w Bydgoszczy, Bydgoszcz. 348pp.";"Abeilles";444727
"bfNestCel92";"Lasioglossum xanthopus (Kirby, 1802)";"815156";"Lasioglossum xanthopus";"(Kirby, 1802)";NA;NA;NA;NA;NA;"Arthropoda";"Insecta";"Hymenoptera";"Halictidae";"Halictinae";"Halictini";"Lasioglossum";NA;NA;NA;7;"min";"Pesenko Yu. A., Banaszak J., Radchenko V. G., Cierzniak T. 2000. Bees of the family Halictidae (excluding Sphecodes) of Poland : taxonomy, ecology, bionomics. Wydawnictwo Uczelniane Wyzszej Szkoly Pedagogicznej w Bydgoszczy, Bydgoszcz. 348pp.";"Abeilles";444727
"bfNestCel93";"Megachile albisecta (Klug in Germar, 1817)";"808448";"Megachile albisecta";"(Klug in Germar, 1817)";NA;NA;NA;NA;NA;"Arthropoda";"Insecta";"Hymenoptera";"Megachilidae";"Megachilinae";"Megachilini";"Megachile";NA;NA;NA;3;"min";"Banaszak J., Romasenko L. 2001. Megachilid bees of Europe (Hymenoptera, Apoidea, Megachilidae). Pedagogical University of Bydgoszcz, Bydgoszcz. 239 pp.";"Abeilles";444864
"bfNestCel94";"Megachile analis Nylander, 1852";"239907";"Megachile analis";"Nylander, 1852";NA;NA;NA;NA;NA;"Arthropoda";"Insecta";"Hymenoptera";"Megachilidae";"Megachilinae";"Megachilini";"Megachile";NA;NA;NA;2;"min";"Scheuchl E., Willner W. 2016. Taschenlexikon der Wildbienen Europas. Quelle & Meyer Verlag Wiebelsheim. 920pp.";"Abeilles";444787
"bfNestCel95";"Megachile apicalis Spinola, 1808";"239908";"Megachile apicalis";"Spinola, 1808";NA;NA;NA;NA;NA;"Arthropoda";"Insecta";"Hymenoptera";"Megachilidae";"Megachilinae";"Megachilini";"Megachile";NA;NA;NA;2;"min";"Scheuchl E., Willner W. 2016. Taschenlexikon der Wildbienen Europas. Quelle & Meyer Verlag Wiebelsheim. 920pp.";"Abeilles";444787
"bfNestCel96";"Megachile centuncularis (Linnaeus, 1758)";"53157";"Megachile centuncularis";"(Linnaeus, 1758)";NA;NA;NA;NA;NA;"Arthropoda";"Insecta";"Hymenoptera";"Megachilidae";"Megachilinae";"Megachilini";"Megachile";NA;NA;NA;3;"min";"Banaszak J., Romasenko L. 2001. Megachilid bees of Europe (Hymenoptera, Apoidea, Megachilidae). Pedagogical University of Bydgoszcz, Bydgoszcz. 239 pp.";"Abeilles";444864
"bfNestCel97";"Megachile circumcincta (Kirby, 1802)";"53158";"Megachile circumcincta";"(Kirby, 1802)";NA;NA;NA;NA;NA;"Arthropoda";"Insecta";"Hymenoptera";"Megachilidae";"Megachilinae";"Megachilini";"Megachile";NA;NA;NA;3;"min";"Scheuchl E., Willner W. 2016. Taschenlexikon der Wildbienen Europas. Quelle & Meyer Verlag Wiebelsheim. 920pp.";"Abeilles";444787
"bfNestCel98";"Megachile ericetorum Lepeletier, 1841";"721013";"Megachile ericetorum";"Lepeletier, 1841";NA;NA;NA;NA;NA;"Arthropoda";"Insecta";"Hymenoptera";"Megachilidae";"Megachilinae";"Megachilini";"Megachile";NA;NA;NA;1;"min";"Scheuchl E., Willner W. 2016. Taschenlexikon der Wildbienen Europas. Quelle & Meyer Verlag Wiebelsheim. 920pp.";"Abeilles";444787
"bfNestCel99";"Megachile genalis Morawitz, 1880";"239915";"Megachile genalis";"Morawitz, 1880";NA;NA;NA;NA;NA;"Arthropoda";"Insecta";"Hymenoptera";"Megachilidae";"Megachilinae";"Megachilini";"Megachile";NA;NA;NA;1;"min";"Scheuchl E., Willner W. 2016. Taschenlexikon der Wildbienen Europas. Quelle & Meyer Verlag Wiebelsheim. 920pp.";"Abeilles";444787
"bfNestCel100";"Megachile genalis Morawitz, 1880";"239915";"Megachile genalis";"Morawitz, 1880";NA;NA;NA;NA;NA;"Arthropoda";"Insecta";"Hymenoptera";"Megachilidae";"Megachilinae";"Megachilini";"Megachile";NA;NA;NA;1;"min";"Banaszak J., Romasenko L. 2001. Megachilid bees of Europe (Hymenoptera, Apoidea, Megachilidae). Pedagogical University of Bydgoszcz, Bydgoszcz. 239 pp.";"Abeilles";444864
"bfNestCel101";"Megachile giraudi Gerstacker, 1869";"239916";"Megachile giraudi";"Gerstacker, 1869";NA;NA;NA;NA;NA;"Arthropoda";"Insecta";"Hymenoptera";"Megachilidae";"Megachilinae";"Megachilini";"Megachile";NA;NA;NA;8;"min";"Banaszak J., Romasenko L. 2001. Megachilid bees of Europe (Hymenoptera, Apoidea, Megachilidae). Pedagogical University of Bydgoszcz, Bydgoszcz. 239 pp.";"Abeilles";444864
"bfNestCel102";"Megachile lagopoda (Linnaeus, 1761)";"239917";"Megachile lagopoda";"(Linnaeus, 1761)";NA;NA;NA;NA;NA;"Arthropoda";"Insecta";"Hymenoptera";"Megachilidae";"Megachilinae";"Megachilini";"Megachile";NA;NA;NA;2;"min";"Scheuchl E., Willner W. 2016. Taschenlexikon der Wildbienen Europas. Quelle & Meyer Verlag Wiebelsheim. 920pp.";"Abeilles";444787
"bfNestCel103";"Megachile lagopoda (Linnaeus, 1761)";"239917";"Megachile lagopoda";"(Linnaeus, 1761)";NA;NA;NA;NA;NA;"Arthropoda";"Insecta";"Hymenoptera";"Megachilidae";"Megachilinae";"Megachilini";"Megachile";NA;NA;NA;2;"min";"Banaszak J., Romasenko L. 2001. Megachilid bees of Europe (Hymenoptera, Apoidea, Megachilidae). Pedagogical University of Bydgoszcz, Bydgoszcz. 239 pp.";"Abeilles";444864
"bfNestCel104";"Megachile leachella Curtis, 1828";"239919";"Megachile leachella";"Curtis, 1828";NA;NA;NA;NA;NA;"Arthropoda";"Insecta";"Hymenoptera";"Megachilidae";"Megachilinae";"Megachilini";"Megachile";NA;NA;NA;1;"min";"Scheuchl E., Willner W. 2016. Taschenlexikon der Wildbienen Europas. Quelle & Meyer Verlag Wiebelsheim. 920pp.";"Abeilles";444787
"bfNestCel105";"Megachile leachella Curtis, 1828";"239919";"Megachile leachella";"Curtis, 1828";NA;NA;NA;NA;NA;"Arthropoda";"Insecta";"Hymenoptera";"Megachilidae";"Megachilinae";"Megachilini";"Megachile";NA;NA;NA;1;"min";"Banaszak J., Romasenko L. 2001. Megachilid bees of Europe (Hymenoptera, Apoidea, Megachilidae). Pedagogical University of Bydgoszcz, Bydgoszcz. 239 pp.";"Abeilles";444864
"bfNestCel106";"Megachile maritima (Kirby, 1802)";"53159";"Megachile maritima";"(Kirby, 1802)";NA;NA;NA;NA;NA;"Arthropoda";"Insecta";"Hymenoptera";"Megachilidae";"Megachilinae";"Megachilini";"Megachile";NA;NA;NA;5;"min";"Scheuchl E., Willner W. 2016. Taschenlexikon der Wildbienen Europas. Quelle & Meyer Verlag Wiebelsheim. 920pp.";"Abeilles";444787
"bfNestCel107";"Megachile rotundata (Fabricius, 1787)";"239930";"Megachile rotundata";"(Fabricius, 1787)";NA;NA;NA;NA;NA;"Arthropoda";"Insecta";"Hymenoptera";"Megachilidae";"Megachilinae";"Megachilini";"Megachile";NA;NA;NA;5;"min";"Scheuchl E., Willner W. 2016. Taschenlexikon der Wildbienen Europas. Quelle & Meyer Verlag Wiebelsheim. 920pp.";"Abeilles";444787
"bfNestCel108";"Nomioides minutissimus (Rossi, 1790)";"240047";"Nomioides minutissimus";"(Rossi, 1790)";NA;NA;NA;NA;NA;"Arthropoda";"Insecta";"Hymenoptera";"Halictidae";"Nomioidinae";NA;"Nomioides";NA;NA;NA;14;"min";"Pesenko Yu. A., Banaszak J., Radchenko V. G., Cierzniak T. 2000. Bees of the family Halictidae (excluding Sphecodes) of Poland : taxonomy, ecology, bionomics. Wydawnictwo Uczelniane Wyzszej Szkoly Pedagogicznej w Bydgoszczy, Bydgoszcz. 348pp.";"Abeilles";444727
"bfNestCel109";"Osmia aurulenta (Panzer, 1799)";"53172";"Osmia aurulenta";"(Panzer, 1799)";NA;NA;NA;NA;NA;"Arthropoda";"Insecta";"Hymenoptera";"Megachilidae";"Megachilinae";"Osmiini";"Osmia";NA;NA;NA;4;"min";"Lhomme, P. 2014. Osmia aurulenta. The IUCN Red List of Threatened Species 2014: e.T19199876A21154911";"Abeilles";447576
"bfNestCel110";"Osmia caerulescens (Linnaeus, 1758)";"53175";"Osmia caerulescens";"(Linnaeus, 1758)";NA;NA;NA;NA;NA;"Arthropoda";"Insecta";"Hymenoptera";"Megachilidae";"Megachilinae";"Osmiini";"Osmia";NA;NA;NA;5;"min";"Banaszak J., Romasenko L. 2001. Megachilid bees of Europe (Hymenoptera, Apoidea, Megachilidae). Pedagogical University of Bydgoszcz, Bydgoszcz. 239 pp.";"Abeilles";444864
"bfNestCel111";"Osmia cerinthidis Morawitz, 1875";"240052";"Osmia cerinthidis";"Morawitz, 1875";NA;NA;NA;NA;NA;"Arthropoda";"Insecta";"Hymenoptera";"Megachilidae";"Megachilinae";"Osmiini";"Osmia";NA;NA;NA;2;"min";"Banaszak J., Romasenko L. 2001. Megachilid bees of Europe (Hymenoptera, Apoidea, Megachilidae). Pedagogical University of Bydgoszcz, Bydgoszcz. 239 pp.";"Abeilles";444864
"bfNestCel112";"Osmia cornuta (Latreille, 1805)";"53176";"Osmia cornuta";"(Latreille, 1805)";NA;NA;NA;NA;NA;"Arthropoda";"Insecta";"Hymenoptera";"Megachilidae";"Megachilinae";"Osmiini";"Osmia";NA;NA;NA;2;"min";"Banaszak J., Romasenko L. 2001. Megachilid bees of Europe (Hymenoptera, Apoidea, Megachilidae). Pedagogical University of Bydgoszcz, Bydgoszcz. 239 pp.";"Abeilles";444864
"bfNestCel113";"Osmia niveata (Fabricius, 1804)";"240072";"Osmia niveata";"(Fabricius, 1804)";NA;NA;NA;NA;NA;"Arthropoda";"Insecta";"Hymenoptera";"Megachilidae";"Megachilinae";"Osmiini";"Osmia";NA;NA;NA;2;"min";"Scheuchl E., Willner W. 2016. Taschenlexikon der Wildbienen Europas. Quelle & Meyer Verlag Wiebelsheim. 920pp.";"Abeilles";444787
"bfNestCel114";"Osmia pilicornis Smith, 1846";"240075";"Osmia pilicornis";"Smith, 1846";NA;NA;NA;NA;NA;"Arthropoda";"Insecta";"Hymenoptera";"Megachilidae";"Megachilinae";"Osmiini";"Osmia";NA;NA;NA;1;"min";"Müller, A. 2018. Palaearctic Osmiine Bees. ETH Zürich. http://blogs.ethz.ch/osmiini";"Abeilles";444698
"bfNestCel115";"Osmia xanthomelana (Kirby, 1802)";"240084";"Osmia xanthomelana";"(Kirby, 1802)";NA;NA;NA;NA;NA;"Arthropoda";"Insecta";"Hymenoptera";"Megachilidae";"Megachilinae";"Osmiini";"Osmia";NA;NA;NA;4;"min";"Scheuchl E., Willner W. 2016. Taschenlexikon der Wildbienen Europas. Quelle & Meyer Verlag Wiebelsheim. 920pp.";"Abeilles";444787
"bfNestCel116";"Panurgus banksianus (Kirby, 1802)";"240086";"Panurgus banksianus";"(Kirby, 1802)";NA;NA;NA;NA;NA;"Arthropoda";"Insecta";"Hymenoptera";"Andrenidae";"Panurginae";"Panurgini";"Panurgus";NA;NA;NA;4;"min";"SwissBeeTeam. 2018. Atlas en ligne des abeilles sauvages de Suisse. InfoFauna. http://swisswildbee.ch.";"Abeilles";444815
"bfNestCel117";"Pseudoanthidium nanum (Mocsary, 1881)";"808468";"Pseudoanthidium nanum";"(Mocsary, 1881)";NA;NA;NA;NA;NA;"Arthropoda";"Insecta";"Hymenoptera";"Megachilidae";"Megachilinae";"Anthidiini";"Pseudoanthidium";NA;NA;NA;6;"min";"Scheuchl E., Willner W. 2016. Taschenlexikon der Wildbienen Europas. Quelle & Meyer Verlag Wiebelsheim. 920pp.";"Abeilles";444787
"bfNestCel118";"Rhophitoides canus (Eversmann, 1852)";"808474";"Rhophitoides canus";"(Eversmann, 1852)";NA;NA;NA;NA;NA;"Arthropoda";"Insecta";"Hymenoptera";"Halictidae";"Rophitinae";NA;"Rhophitoides";NA;NA;NA;6;"min";"Scheuchl E., Willner W. 2016. Taschenlexikon der Wildbienen Europas. Quelle & Meyer Verlag Wiebelsheim. 920pp.";"Abeilles";444787
"bfNestCel119";"Seladonia subaurata (Rossi, 1792)";"839091";"Seladonia subaurata";"(Rossi, 1792)";NA;NA;NA;NA;NA;"Arthropoda";"Insecta";"Hymenoptera";"Halictidae";"Halictinae";"Halictini";"Seladonia";NA;NA;NA;4;"min";"Pesenko Yu. A., Banaszak J., Radchenko V. G., Cierzniak T. 2000. Bees of the family Halictidae (excluding Sphecodes) of Poland : taxonomy, ecology, bionomics. Wydawnictwo Uczelniane Wyzszej Szkoly Pedagogicznej w Bydgoszczy, Bydgoszcz. 348pp.";"Abeilles";444727
"bfNestCel120";"Trachusa byssina (Panzer, 1798)";"815229";"Trachusa byssina";"(Panzer, 1798)";NA;NA;NA;NA;NA;"Arthropoda";"Insecta";"Hymenoptera";"Megachilidae";"Megachilinae";"Anthidiini";"Trachusa";NA;NA;NA;2;"min";"Scheuchl E., Willner W. 2016. Taschenlexikon der Wildbienen Europas. Quelle & Meyer Verlag Wiebelsheim. 920pp.";"Abeilles";444787
